row,col,slope,aspect_sin,aspect_cos,rain_r7,elevation,river,twi,curvature,label
4064,2201,0.2254201,-0.9751329,0.22162111,51.32826,0.14350797,0.56735563,0.2822859,0.50257653,1.0
15126,9695,0.023314469,-0.4472136,-0.8944272,22.673485,0.29802582,0.47059909,0.28790396,0.5025591,0.0
2185,5851,0.05203983,-1.0,-1.8369701e-16,19.371916,0.25512528,0.00029001766,0.27695248,0.50259393,0.0
9443,6591,0.21643563,0.9728062,0.23162052,29.289103,0.41419894,0.78337777,0.2824684,0.50258875,0.0
10030,6652,0.010430277,0.0,1.0,21.245552,0.3697798,0.9621365,0.29705733,0.50260204,0.0
6057,3187,0.046566565,0.8944272,-0.4472136,52.439903,0.22437358,0.9361174,0.286202,0.5025818,1.0
8449,5728,0.0,-1.0,-1.8369701e-16,36.981422,0.2509491,1.0,0.6110364,0.50258005,0.0
12001,6794,0.08361496,-0.86824316,0.49613893,41.501675,0.38952163,0.95724964,0.2809844,0.5025481,0.0
12784,10400,0.037566602,-0.5547002,-0.8320503,18.131819,0.26157933,0.0037478846,0.2814208,0.50259745,0.0
7450,7779,0.069694914,0.4472136,0.8944272,16.511621,0.29195142,0.0024439057,0.28311446,0.50257015,0.0
3792,3863,0.092640094,0.8944272,-0.4472136,22.873854,0.24107821,0.61516076,0.2863482,0.5024924,0.0
13301,3974,0.12525932,0.16439898,-0.9863939,84.7653,0.03606682,0.05414003,0.2846656,0.5025893,0.0
231,3950,0.032956913,0.9486833,0.31622776,13.092833,0.23614275,0.000921703,0.28599134,0.5025597,0.0
5008,6431,0.010430277,1.0,6.123234e-17,16.885138,0.20121488,0.0031048453,0.2901347,0.50257593,0.0
15288,10027,0.079033196,-0.91914505,0.3939193,23.121197,0.35952923,0.20834653,0.27643427,0.5024884,0.0
10837,3572,0.08102993,-0.76822126,-0.6401844,85.41422,0.029612755,0.783617,0.2833195,0.50259393,0.0
12761,5140,0.23239161,0.8574929,0.51449573,86.60559,0.16856492,0.6604475,0.2832933,0.5024965,1.0
7290,2566,0.06324172,0.16439898,0.9863939,80.370964,0.22285497,0.8315751,0.28191486,0.5026183,0.0
7568,3778,0.04294373,-0.24253562,0.9701425,62.084682,0.21716021,0.9770283,0.27242857,0.50259566,1.0
4371,5009,0.031268463,1.0,6.123234e-17,18.49855,0.21146545,0.06111769,0.2851493,0.5025992,0.0
16387,9193,0.13812844,-0.7432941,0.66896474,0.0,0.7760061,0.13581647,0.2830022,0.5025214,0.0
14175,8603,0.046566565,-0.8944272,-0.4472136,23.45682,0.2649962,0.9042043,0.28019682,0.5025319,0.0
9749,4247,0.041665252,-1.0,-1.8369701e-16,76.69481,0.2813212,0.5931868,0.27854824,0.50261194,1.0
8233,3642,0.069694914,-0.8944272,0.4472136,73.92889,0.21905847,0.9288516,0.28134236,0.5025731,1.0
5316,4996,0.04294373,0.9701425,-0.24253562,21.422,0.24411541,0.23480266,0.2803334,0.50259566,0.0
12697,6030,0.09817346,-0.9486833,-0.31622776,64.23218,0.38496584,0.7527266,0.2860872,0.5025504,1.0
8964,4841,0.13775817,0.4472136,0.8944272,61.880516,0.2942293,0.8726131,0.28095064,0.5025841,1.0
7060,5059,0.0,-1.0,-1.8369701e-16,31.396788,0.25132877,0.97644866,0.6578094,0.5025864,1.0
7151,185,0.0,-1.0,-1.8369701e-16,0.0,0.0,0.015430003,0.6110364,0.50258005,0.0
9309,8121,0.21878092,-0.27472112,0.96152395,17.368416,0.396735,0.013196996,0.28350806,0.5023619,0.0
11262,6274,0.10389993,0.9950372,-0.09950372,49.051838,0.3644647,0.8693256,0.28321677,0.50251794,1.0
8963,4841,0.14773092,0.5547002,0.8320503,61.879585,0.29157177,0.8740844,0.27972034,0.5026346,1.0
10938,6553,0.037566602,-0.5547002,0.8320503,39.54916,0.36104783,0.822101,0.2789652,0.50267166,0.0
9024,4602,0.14390676,-0.9974587,-0.07124705,63.2324,0.25322703,0.8611176,0.28173786,0.5024878,1.0
16821,7596,0.30794802,0.062378287,-0.9980526,0.0,0.33409265,0.0024684337,0.2823794,0.5025678,0.0
16168,7321,0.07487338,-0.5547002,-0.8320503,0.0,0.30485952,0.01355019,0.28513196,0.50259453,0.0
4965,1306,0.117578685,-0.9647638,-0.2631174,75.47408,0.022019742,0.75390285,0.28244793,0.50263685,1.0
7490,2910,0.24316525,0.9789804,0.20395425,78.52258,0.27714503,0.6381748,0.28174427,0.50260264,0.0
9461,6128,0.3056388,0.9125093,-0.40905592,35.781853,0.7251329,0.69892496,0.2807392,0.5022354,1.0
7061,5057,0.010430277,-1.0,-1.8369701e-16,31.470251,0.25170842,0.9730755,0.26476792,0.5025748,1.0
178,1934,0.07343238,-0.98994946,-0.14142136,24.207848,0.2866363,0.08220907,0.2825753,0.502533,0.0
5729,2514,0.23586786,-0.464007,0.88583153,64.47832,0.2088079,0.7740012,0.28304535,0.50246805,1.0
12507,4961,0.06573812,-0.9486833,-0.31622776,85.32554,0.03796507,0.9699457,0.2821782,0.50262064,1.0
5151,2912,0.05203983,1.2246469e-16,-1.0,48.404694,0.22019742,0.7779612,0.2824064,0.5025858,1.0
3756,6679,0.023314469,-0.4472136,0.8944272,13.69036,0.19703873,0.00028212968,0.2793806,0.50257826,0.0
5045,1339,0.16861087,0.42288548,-0.9061831,76.29097,0.08086561,0.91946965,0.28245497,0.502616,1.0
12065,6240,0.11534551,-0.9838699,-0.17888544,63.41707,0.3944571,0.51888365,0.28159967,0.5026079,1.0
9444,9732,0.09377447,0.9938837,-0.11043153,20.993572,0.3135915,0.00020840335,0.2816845,0.50261486,0.0
11450,8797,0.01474932,-0.70710677,-0.70710677,23.448238,0.32611996,0.04394337,0.29534283,0.50262994,0.0
8252,10530,0.023314469,0.4472136,-0.8944272,13.508037,0.2501898,4.440357e-06,0.28105673,0.50258696,0.0
8819,5099,0.14248706,-0.503871,-0.8637789,53.198414,0.27486712,0.8243869,0.2854273,0.50256956,0.0
5290,1171,0.032956913,0.9486833,-0.31622776,80.87251,0.005694761,0.9969531,0.2784175,0.5025864,1.0
10704,5028,0.029482823,0.70710677,0.70710677,76.39234,0.044419136,0.7297447,0.28138077,0.5025905,1.0
10028,7535,0.22357954,-0.17888544,0.9838699,17.30871,0.35763097,0.1808761,0.28229868,0.5026067,0.0
9380,4494,0.15111154,-0.8804711,-0.4740998,68.14636,0.2509491,0.9368483,0.28344908,0.50257826,1.0
12731,5994,0.13701425,0.2248595,0.9743912,66.74913,0.3914199,0.81479764,0.28325787,0.5025063,1.0
8156,9100,0.020854957,1.0,6.123234e-17,15.132251,0.27372816,0.00017581282,0.28266856,0.50257945,0.0
10474,4781,0.20254236,0.9950372,-0.09950372,78.90312,0.1279423,0.49376354,0.28165272,0.50257015,1.0
5945,2783,0.101857364,-0.40613848,-0.91381156,61.529785,0.20007592,0.8298236,0.2812153,0.50245994,1.0
10585,5134,0.23586786,-0.88583153,-0.464007,74.76821,0.08845862,0.5906745,0.28207776,0.50256956,1.0
1522,6365,0.023314469,-0.4472136,-0.8944272,15.098062,0.24069856,2.7284339e-05,0.28351718,0.5025655,0.0
10439,5408,0.069694914,0.4472136,-0.8944272,67.07272,0.3614275,0.6702702,0.2808553,0.5026334,1.0
9681,5251,0.29099387,-0.9994449,0.03331483,61.166115,0.33333334,0.84774375,0.2830126,0.5025661,1.0
10441,5409,0.010430277,0.0,1.0,67.1365,0.3614275,0.67280644,0.28374562,0.50260496,1.0
6666,2119,0.069694914,-0.4472136,0.8944272,82.5678,0.032270312,0.49407652,0.28423148,0.50267166,0.0
13241,7280,0.01474932,0.70710677,-0.70710677,38.87076,0.3382688,0.9518967,0.27971083,0.5025812,0.0
7471,3964,0.029482823,-0.70710677,0.70710677,56.34078,0.23993926,0.8533456,0.28138077,0.50256205,1.0
11357,6098,0.13959843,0.5881717,0.8087361,47.774025,0.32687926,0.6419685,0.28286767,0.5025742,1.0
3504,5482,0.010430277,0.0,1.0,18.417713,0.22285497,0.0050842497,0.30343693,0.5025812,0.0
8999,5134,0.029482823,0.70710677,0.70710677,54.536022,0.2627183,0.63225085,0.28929764,0.5025731,0.0
8521,8324,0.041665252,0.0,1.0,15.860466,0.26917237,0.002389909,0.282433,0.50260264,0.0
9295,7890,0.046566565,-0.8944272,-0.4472136,15.495935,0.2957479,0.024349542,0.27897388,0.50257015,0.0
12865,6135,0.07558321,0.96152395,0.27472112,67.63838,0.43735763,0.8876609,0.28124523,0.5025504,1.0
10547,9190,0.029482823,-0.70710677,0.70710677,25.223242,0.3181473,0.00422747,0.28555974,0.5025986,0.0
4247,2728,0.1560247,-0.85165834,0.52409744,46.429688,0.19210327,0.84721917,0.28033212,0.5024808,0.0
7366,9150,0.029482823,0.70710677,-0.70710677,15.832658,0.23614275,5.0022743e-05,0.28555974,0.502591,0.0
9849,5802,0.044184793,0.70710677,0.70710677,38.168137,0.37737283,0.7204509,0.27855062,0.50260204,1.0
13082,5453,0.10389993,-0.09950372,-0.9950372,85.81072,0.34168565,0.19002308,0.28397807,0.50258005,1.0
4385,2385,0.14669926,-0.9778024,-0.20952909,50.847107,0.19779803,0.66733646,0.28465325,0.5025899,1.0
18048,7694,0.1112026,-0.9284767,-0.37139067,0.0,0.022019742,0.00018277143,0.28057158,0.502598,0.0
13081,5452,0.11534551,-0.17888544,-0.9838699,85.83702,0.3428246,0.19082706,0.27935493,0.50258875,1.0
12553,5424,0.20738384,0.388057,0.9216354,81.474144,0.092634775,0.42844126,0.2821623,0.5025574,0.0
5293,7082,0.010430277,0.0,1.0,12.300821,0.22703113,0.00079579145,0.28374562,0.5025858,0.0
5768,2456,0.18285145,0.05547002,-0.99846035,67.469894,0.20463175,0.8359304,0.28284055,0.50259393,1.0
1492,2177,0.04294373,-0.9701425,0.24253562,29.576889,0.26993167,0.6590884,0.2803334,0.5025812,0.0
5046,1340,0.08297659,1.2246469e-16,-1.0,76.286736,0.07820805,0.9230253,0.28554133,0.50259334,1.0
13047,8247,0.05203983,-1.0,-1.8369701e-16,26.827198,0.30941534,0.9823641,0.2824064,0.5025649,0.0
4449,566,0.010430277,1.2246469e-16,-1.0,84.442764,0.0030372057,0.71774006,0.29327846,0.502569,1.0
8168,5594,0.020854957,-1.0,-1.8369701e-16,35.64044,0.24715263,0.85304534,0.284944,0.50258464,0.0
10651,9228,0.023314469,0.8944272,-0.4472136,26.359108,0.32346243,0.004491396,0.2848339,0.5025771,0.0
8880,6271,0.23889938,0.29116163,0.95667386,42.028465,0.50949126,0.6234404,0.28207153,0.50259453,1.0
12106,5753,0.05203983,0.8,-0.6,71.07158,0.04859529,0.834634,0.27695248,0.5025864,1.0
274,2882,0.020854957,1.0,6.123234e-17,17.076488,0.26993167,0.0137190875,0.28646412,0.50260264,0.0
11190,4777,0.05203983,0.8,-0.6,79.7108,0.04252088,0.89386296,0.27781343,0.5025069,0.0
12615,5452,0.18627127,-0.3807498,-0.9246781,81.58262,0.11047836,0.4049986,0.28170875,0.50252724,1.0
2640,1113,0.13701425,-0.2248595,0.9743912,58.226643,0.25854215,0.6185132,0.28162026,0.5025992,0.0
9008,6623,0.24607167,0.7649112,0.6441358,31.20196,0.40584663,0.490522,0.28221703,0.5026154,0.0
3554,1423,0.24516867,-0.24253562,0.9701425,58.913513,0.23348519,0.36325592,0.2820285,0.5025667,1.0
3937,2417,0.10389993,0.9950372,-0.09950372,44.95158,0.19400153,0.6932182,0.28246427,0.5025388,0.0
1621,136,0.10540407,0.19611613,-0.9805807,0.0,0.0098709185,0.017338432,0.2822161,0.5026421,0.0
8778,8642,0.023314469,-0.8944272,-0.4472136,14.781752,0.27790433,0.0015146278,0.28351718,0.50257134,0.0
5290,1172,0.010430277,1.0,6.123234e-17,80.861275,0.00531511,0.9956938,0.29327846,0.5026009,1.0
12729,5992,0.15210888,0.3363364,0.9417419,66.79442,0.38724375,0.80807203,0.28195474,0.50262815,1.0
11914,5985,0.44907215,0.5002776,-0.86586505,61.398235,0.3033409,0.45563394,0.28022242,0.5025638,1.0
7996,4243,0.05203983,0.6,0.8,56.066174,0.24221715,0.8512598,0.28842652,0.50258005,0.0
11045,5313,0.31991455,-0.17888544,0.9838699,73.28056,0.13895217,0.48935506,0.28087884,0.50262177,1.0
5401,2998,0.12443163,0.41380295,0.9103665,49.11147,0.20652999,0.6816814,0.28198862,0.5025986,1.0
6809,1800,0.01474932,0.70710677,-0.70710677,87.57898,0.0060744113,0.84549475,0.2947435,0.5025644,1.0
13794,6435,0.079033196,0.91914505,0.3939193,66.31157,0.34244496,0.89577484,0.2811947,0.50258815,1.0
7471,3966,0.037566602,-0.5547002,0.8320503,56.267014,0.24069856,0.85067064,0.28546187,0.5025655,1.0
5708,3664,0.020854957,0.0,1.0,37.97101,0.22285497,0.9053832,0.28740448,0.50255567,0.0
3192,1881,0.1240155,0.99654573,0.08304548,48.423645,0.19627942,0.6760992,0.28298813,0.5025905,1.0
14172,6211,0.21097669,1.0,6.123234e-17,66.83162,0.04328018,0.26023751,0.28154472,0.50262934,1.0
14355,5772,0.21449143,0.98233855,-0.18711211,69.28178,0.04745634,0.07127445,0.28244734,0.5024872,0.0
3554,1422,0.2524383,-0.50872934,0.8609265,58.93517,0.23196658,0.36223167,0.28155673,0.5025632,1.0
10953,10023,0.041665252,1.0,6.123234e-17,26.577778,0.29233107,0.0008013734,0.28447282,0.502569,0.0
17328,9038,0.09377447,-0.11043153,0.9938837,0.0,0.8974943,0.007403894,0.2816845,0.5024367,0.0
1693,975,0.27764097,-0.9844276,-0.17579064,56.620068,0.26993167,0.22556044,0.28408176,0.5024634,0.0
9023,4601,0.17548648,-0.98478353,0.17378533,63.251762,0.24905087,0.85849386,0.28228307,0.5025655,1.0
16628,9878,0.12443163,0.41380295,0.9103665,0.0,0.8583903,0.041655384,0.2807299,0.5025864,0.0
12615,5451,0.22460459,-0.533993,-0.8454889,81.60024,0.10895976,0.40623546,0.28221354,0.5025475,1.0
16099,8245,0.06324172,0.9863939,-0.16439898,0.0,0.36256644,0.037349027,0.28608602,0.50251853,0.0
11998,5993,0.15473218,-0.9912279,0.13216372,62.96394,0.20007592,0.47948867,0.28441,0.50262296,1.0
6591,4722,0.0,-1.0,-1.8369701e-16,28.280323,0.23766135,0.9598864,0.64174473,0.5025893,0.0
6966,4344,0.032956913,-0.31622776,-0.9486833,37.73061,0.24031891,0.92938113,0.27582893,0.5025829,0.0
6192,6986,0.010430277,-1.0,-1.8369701e-16,14.700601,0.22361428,0.0035439364,0.29327846,0.502558,0.0
17706,8070,0.079033196,-0.3939193,0.91914505,0.0,0.030372057,0.0008248239,0.282667,0.5025725,0.0
10704,5029,0.01474932,0.70710677,0.70710677,76.372055,0.044039484,0.7312937,0.2947435,0.50260204,1.0
8253,3619,0.08361496,-0.99227786,0.12403473,74.03288,0.22095671,0.99140614,0.28322855,0.50258875,1.0
8008,4598,0.13775817,0.8944272,0.4472136,49.865414,0.2604404,0.8842544,0.28040707,0.50265485,0.0
5258,5770,0.0,-1.0,-1.8369701e-16,17.10903,0.21298406,0.026184564,0.64174473,0.5025504,0.0
9340,6233,0.29099387,-0.9994449,0.03331483,39.249172,0.59870917,0.8714272,0.2805556,0.502627,1.0
5150,2911,0.07343238,0.14142136,-0.98994946,48.43519,0.22133636,0.7765538,0.2800839,0.5025684,1.0
11771,5565,0.13089152,0.70710677,0.70710677,75.16314,0.050493546,0.5813927,0.28398737,0.5026247,1.0
9025,4600,0.15473218,-0.9912279,-0.13216372,63.27024,0.24639332,0.8558782,0.28244781,0.50260437,1.0
6433,1958,0.21878092,0.27472112,0.96152395,82.37584,0.014426728,0.9237264,0.2829815,0.5026183,0.0
12838,5864,0.11534551,-0.9838699,-0.17888544,74.71515,0.2395596,0.6039594,0.28232896,0.50263745,1.0
4008,2504,0.05203983,0.8,0.6,43.25027,0.20083523,0.7314351,0.2790836,0.5025226,1.0
11877,3460,0.031268463,1.2246469e-16,-1.0,92.81685,0.006833713,0.5019284,0.29046375,0.5026166,0.0
3283,5787,0.0,-1.0,-1.8369701e-16,17.032223,0.22513288,0.0016176765,0.6493136,0.5025893,0.0
6057,2924,0.041665252,0.0,1.0,57.02437,0.21412301,0.8800616,0.27246878,0.5025104,0.0
10703,5028,0.020854957,1.2246469e-16,-1.0,76.39257,0.044419136,0.7281452,0.27928707,0.50258815,1.0
6817,4326,0.09544931,0.7592566,0.65079135,34.6801,0.26461655,0.9129854,0.28484216,0.5025986,1.0
13816,6460,0.09320911,1.0,6.123234e-17,64.865875,0.34851936,0.84846276,0.28519642,0.5025516,1.0
8202,3678,0.04294373,-0.9701425,0.24253562,73.74991,0.2312073,0.822101,0.28367096,0.50256205,1.0
8964,4843,0.085500166,0.24253562,0.9701425,61.848167,0.29384965,0.8681756,0.2858316,0.50253594,1.0
10961,3614,0.05602868,-0.9284767,0.37139067,86.24342,0.008352316,1.0,0.2774707,0.50262064,0.0
5051,3022,0.020854957,-1.0,-1.8369701e-16,44.0163,0.22930904,0.9537323,0.29032746,0.50257885,0.0
7518,9712,0.023314469,0.8944272,0.4472136,14.464071,0.23158693,1.4285476e-05,0.28605303,0.5025818,0.0
6032,5471,0.029482823,-0.70710677,-0.70710677,21.706316,0.23310554,0.17366578,0.2853115,0.50257945,0.0
8203,3679,0.044184793,-0.70710677,-0.70710677,73.740974,0.23158693,0.8197764,0.28944817,0.5025818,1.0
8629,4674,0.20018388,0.65493053,0.7556891,54.330223,0.29612756,0.8098486,0.2815523,0.5025336,1.0
9024,3608,0.046566565,-0.4472136,-0.8944272,77.27544,0.037585422,0.7726984,0.28351817,0.5025899,1.0
11260,6274,0.14669926,0.9079594,0.41905817,49.012897,0.36332574,0.87453896,0.28103274,0.502522,1.0
11196,6048,0.05602868,-0.37139067,-0.9284767,45.24061,0.356492,0.50691116,0.2865943,0.502634,1.0
11262,6275,0.15375452,0.99778515,0.06651901,49.051903,0.36180714,0.86981803,0.2805834,0.502558,1.0
8581,9758,0.0,-1.0,-1.8369701e-16,16.459915,0.2649962,5.6449724e-05,0.6110364,0.50258005,0.0
5501,1959,0.06573812,-0.31622776,0.9486833,75.83128,0.017463934,0.6193241,0.28296196,0.50260556,0.0
8013,3528,0.10786097,-0.95782626,0.28734788,71.841896,0.2790433,0.88683224,0.28318515,0.50258696,1.0
13741,9648,0.037566602,-0.5547002,0.8320503,18.444353,0.25854215,0.11330696,0.2806416,0.5025858,0.0
3192,1883,0.10540407,0.9805807,0.19611613,48.40857,0.19210327,0.675489,0.2781305,0.50260556,1.0
10005,4678,0.12443163,-0.9103665,-0.41380295,75.266975,0.35801062,0.8604759,0.2863273,0.50257593,1.0
645,5505,0.010430277,1.2246469e-16,-1.0,13.83431,0.20615034,5.1349936e-05,0.28374562,0.50259393,0.0
6336,2333,0.13010348,0.31622776,-0.9486833,75.98956,0.020501139,0.8494767,0.2831092,0.5026073,1.0
12695,6028,0.103393346,-0.6,0.8,64.27762,0.3781321,0.74829495,0.28058594,0.50269026,1.0
9046,9209,0.023314469,-0.4472136,0.8944272,17.039635,0.27942294,0.00048782304,0.2848339,0.50260496,0.0
755,5669,0.020854957,-1.0,-1.8369701e-16,13.744707,0.2072893,4.263343e-05,0.28646412,0.5025835,0.0
5107,5845,0.0,-1.0,-1.8369701e-16,16.65847,0.22968869,0.017789159,0.64174473,0.5025829,0.0
1411,2210,0.032956913,0.9486833,0.31622776,27.988186,0.26993167,0.55456764,0.28501153,0.5025585,0.0
4770,1207,0.0,-1.0,-1.8369701e-16,73.16178,0.009111618,0.7706469,0.6493136,0.50258523,1.0
12106,5752,0.05883972,0.70710677,-0.70710677,71.113495,0.049734246,0.83556175,0.2860655,0.5025835,1.0
7245,1940,0.01474932,-0.70710677,-0.70710677,88.18028,0.013667426,0.9002443,0.28893122,0.50257593,0.0
14423,8029,0.01474932,-0.70710677,-0.70710677,29.217041,0.2881549,0.957763,0.28120357,0.5025823,0.0
11998,10110,0.023314469,0.8944272,-0.4472136,21.18365,0.28473803,0.0027754928,0.29374745,0.50258696,0.0
7530,7480,0.029482823,-0.70710677,-0.70710677,16.6932,0.27296886,0.006146429,0.28106096,0.5025742,0.0
8409,3930,0.0,-1.0,-1.8369701e-16,67.895195,0.22361428,1.0,0.6110364,0.50262815,0.0
12731,5993,0.14496115,0.14142136,0.98994946,66.796646,0.39179954,0.8135989,0.28049028,0.50254405,1.0
4750,6351,0.037566602,0.5547002,-0.8320503,17.243359,0.20121488,0.002746301,0.2808398,0.50259334,0.0
12722,6233,0.14565924,0.7739573,0.6332378,69.56627,0.44950646,0.9096053,0.2794038,0.5025104,1.0
11261,6274,0.12730257,0.9701425,0.24253562,49.032368,0.36408505,0.8719296,0.2822145,0.50251156,1.0
8321,6051,0.023314469,0.8944272,0.4472136,29.115187,0.24183752,0.8919181,0.28790396,0.50257015,0.0
11356,6096,0.15570273,0.3939193,0.91914505,47.70735,0.32687926,0.64380455,0.28437966,0.5025684,1.0
5149,2913,0.037566602,0.5547002,-0.8320503,48.362392,0.22133636,0.7726984,0.2877013,0.5025928,1.0
4009,2503,0.05602868,-0.37139067,-0.9284767,43.283962,0.20121488,0.7286482,0.27878392,0.50251967,1.0
6393,2878,0.079033196,0.91914505,0.3939193,62.12929,0.19893698,0.90353805,0.27869344,0.50256205,1.0
6124,3256,0.06063982,0.51449573,-0.8574929,50.75859,0.21905847,0.83349967,0.2853497,0.5025568,1.0
2174,4825,0.044184793,0.70710677,-0.70710677,15.655255,0.2312073,0.0043560504,0.2783887,0.50256145,0.0
7249,5952,0.023314469,-0.8944272,-0.4472136,22.114594,0.21753986,0.25294554,0.2753998,0.5025475,0.0
2920,5949,0.020854957,1.0,6.123234e-17,17.409447,0.23538345,0.0006247195,0.28740448,0.5025551,0.0
4662,1609,0.032956913,0.31622776,0.9486833,68.722336,0.031131359,0.6258818,0.27582893,0.50256723,0.0
9023,4600,0.14390676,-0.9974587,0.07124705,63.27082,0.24601367,0.8558782,0.28241286,0.50261194,1.0
5346,3970,0.037566602,0.8320503,-0.5547002,30.188412,0.2126044,0.9346827,0.2789652,0.5025992,0.0
622,5049,0.031268463,0.0,1.0,12.481101,0.2156416,0.00014663741,0.28249198,0.5025632,0.0
9024,6118,0.21983603,-0.5010363,-0.8654263,37.56665,0.42255124,0.67167944,0.28333506,0.5025568,1.0
10586,5134,0.17743166,-0.9161573,-0.40081882,74.764336,0.08656036,0.58939874,0.2840064,0.50257134,1.0
4007,2503,0.05602868,0.37139067,0.9284767,43.268272,0.20045558,0.7329004,0.2809698,0.5025644,1.0
14542,8773,0.08361496,0.12403473,-0.99227786,22.402308,0.26385725,0.8403279,0.2822479,0.50260437,0.0
3128,4038,0.010430277,1.2246469e-16,-1.0,17.450266,0.24981017,0.14526905,0.30343693,0.50256085,0.0
5401,3000,0.13089152,0.70710677,0.70710677,49.040745,0.20349279,0.6777145,0.2830384,0.5026479,1.0
14171,6210,0.21186255,0.9954955,-0.09480909,66.7973,0.04669704,0.26029512,0.28321522,0.5026351,1.0
12445,4661,0.21119861,-0.04756515,0.99886817,85.84967,0.034927867,0.9699457,0.27974212,0.5025667,0.0
15381,9576,0.023314469,-0.4472136,0.8944272,22.329678,0.30827639,0.71967506,0.2753998,0.5025754,0.0
9593,6198,0.029482823,0.70710677,-0.70710677,32.649796,0.4160972,0.95849305,0.28106096,0.50259745,1.0
13012,6558,0.12443163,-0.41380295,0.9103665,63.43551,0.35687166,0.9676684,0.28112707,0.50259686,1.0
12506,4961,0.06573812,-0.9486833,-0.31622776,85.32363,0.038724374,0.9669905,0.28457922,0.5026038,1.0
12108,5752,0.120629445,0.9397934,0.34174305,71.1187,0.04859529,0.83080065,0.28073207,0.50264096,1.0
6336,2335,0.09544931,-0.21693046,-0.97618705,75.91629,0.02126044,0.85006,0.28504607,0.50253475,1.0
6311,2408,0.1139827,-0.090535745,-0.9958932,73.79002,0.034927867,0.9730755,0.28397518,0.502609,1.0
14378,6609,0.29099387,-0.03331483,0.9994449,58.38144,0.35269552,0.3314434,0.2814644,0.50258696,0.0
6536,2587,0.16713572,-0.792624,-0.60971075,69.07344,0.19400153,0.78663915,0.2847887,0.5024837,0.0
14189,8839,0.10389993,-0.9950372,-0.09950372,21.489803,0.27069098,0.8796775,0.2830901,0.5025818,0.0
3801,3290,0.046566565,-0.8944272,-0.4472136,28.618153,0.20842825,0.83874124,0.28019682,0.5025916,1.0
8772,6106,0.12525932,0.9863939,-0.16439898,36.64335,0.32687926,0.8795817,0.28143752,0.5025986,0.0
17158,9724,0.09320911,0.0,1.0,0.0,0.6393318,0.01135278,0.2868919,0.5025516,0.0
12453,9690,0.0,-1.0,-1.8369701e-16,21.691992,0.29081246,0.016197884,0.6578094,0.5025736,0.0
11261,6273,0.07343238,0.98994946,0.14142136,49.0323,0.3659833,0.8713682,0.2806919,0.5024901,1.0
9039,3885,0.031268463,1.2246469e-16,-1.0,74.70898,0.2501898,0.37878215,0.2793289,0.5025841,1.0
4878,4267,0.023314469,-0.4472136,0.8944272,20.281923,0.2103265,0.91326606,0.28105673,0.50259745,0.0
12831,5852,0.2276425,-0.9647638,-0.2631174,74.9934,0.2342445,0.58594,0.28597,0.50249183,1.0
12827,6494,0.08102993,-0.6401844,0.76822126,64.58724,0.39635536,0.9064075,0.28363052,0.50252724,1.0
3553,1424,0.20394075,-0.34570536,0.9383431,58.89098,0.22968869,0.36470467,0.28140157,0.5026624,1.0
10440,5409,0.032956913,-0.9486833,0.31622776,67.10485,0.36104783,0.6725615,0.27144217,0.5026172,1.0
997,3988,0.01474932,-0.70710677,-0.70710677,12.80538,0.24525437,0.003756409,0.27971083,0.50259686,0.0
8829,10229,0.0,-1.0,-1.8369701e-16,18.508684,0.28094155,2.277504e-05,0.6110364,0.5025841,0.0
3227,3406,0.06063982,-0.51449573,0.8574929,22.653355,0.19210327,0.7565708,0.2838233,0.50260264,1.0
4761,3281,0.05203983,1.0,6.123234e-17,36.52571,0.2558846,0.8497923,0.2746584,0.50259686,0.0
7592,7997,0.2016032,0.6,-0.8,16.99485,0.3181473,0.0015925053,0.2786591,0.5025063,0.0
10659,5100,0.031268463,-1.0,-1.8369701e-16,75.16061,0.060364466,0.6954959,0.28249198,0.5025597,1.0
7737,3658,0.05203983,1.2246469e-16,-1.0,66.64056,0.22247532,0.9544888,0.28422564,0.502627,0.0
17681,7589,0.087947965,0.70710677,-0.70710677,0.0,0.02164009,0.00035954194,0.28193286,0.50257826,0.0
12500,4175,0.1316743,0.7808688,-0.62469506,89.80487,0.061503418,0.48813766,0.28387314,0.5025649,0.0
4885,1846,0.1240155,0.66436386,0.74740934,68.697136,0.0801063,0.7786262,0.28303245,0.5025052,1.0
12863,6137,0.19437432,0.88378793,0.46788773,67.67069,0.4320425,0.881874,0.28220162,0.502551,1.0
14909,8874,0.032956913,0.31622776,-0.9486833,24.582771,0.30941534,0.8635025,0.28599134,0.5025928,0.0
9929,6171,0.085500166,0.9701425,-0.24253562,24.566427,0.42786637,0.89638317,0.2804955,0.502551,0.0
8275,2474,0.010430277,1.0,6.123234e-17,83.90725,0.011389522,0.82941,0.28374562,0.50257826,0.0
6816,4326,0.08361496,0.86824316,0.49613893,34.662426,0.2634776,0.9151163,0.28157356,0.50261253,1.0
9460,6126,0.26190314,-0.82622737,0.56333685,35.77966,0.7239939,0.69858915,0.27960783,0.50233054,1.0
4422,612,0.3094715,-0.49613893,-0.86824316,84.51348,0.08276386,0.7863952,0.28199714,0.5025748,1.0
10440,5408,0.010430277,1.2246469e-16,-1.0,67.10431,0.36066818,0.67052776,0.29327846,0.50263226,1.0
5200,5614,0.020854957,0.0,1.0,18.024221,0.22551253,0.037990235,0.28740448,0.5025667,0.0
5500,1510,0.010430277,1.0,6.123234e-17,79.9387,0.0011389522,0.9848582,0.29178572,0.5025835,1.0
5405,6265,0.031268463,1.0,6.123234e-17,17.501907,0.20539103,0.0085225385,0.28249198,0.5025667,0.0
12613,5451,0.22151025,-0.31622776,-0.9486833,81.59421,0.11617312,0.4061347,0.2832416,0.5025481,1.0
4852,6015,0.029482823,0.70710677,0.70710677,16.47444,0.21298406,0.007821522,0.28909943,0.50259686,0.0
11552,10582,0.0,-1.0,-1.8369701e-16,19.364895,0.25512528,0.0004088368,0.6578094,0.5025736,0.0
4385,2387,0.2721339,-0.6114475,-0.791285,50.794373,0.20387244,0.6676748,0.27931276,0.50254345,1.0
9024,6119,0.21643563,-0.23162052,-0.9728062,37.594517,0.4236902,0.6704185,0.2811002,0.5026154,1.0
7569,3777,0.07343238,-0.98994946,0.14142136,62.10328,0.2164009,0.98088557,0.27817592,0.50259566,1.0
12696,6030,0.1240155,-0.99654573,0.08304548,64.20847,0.3845862,0.75043523,0.28322315,0.5025371,1.0
13081,5453,0.117578685,-0.2631174,-0.9647638,85.822136,0.3435839,0.19050941,0.28244793,0.5025585,1.0
7869,9988,0.0,-1.0,-1.8369701e-16,13.834741,0.23462415,1.0694815e-05,0.6110364,0.5026067,0.0
9816,8824,0.06324172,-0.16439898,0.9863939,18.818285,0.32346243,0.004105805,0.28608602,0.502616,0.0
10894,8612,0.023314469,-0.4472136,-0.8944272,24.36272,0.341306,0.033056587,0.27878127,0.5026003,0.0
12679,5573,0.16474274,-0.9284767,0.37139067,80.31337,0.08618072,0.2772826,0.28215715,0.5025736,0.0
8991,3642,0.023314469,0.8944272,0.4472136,77.823524,0.034168564,0.708261,0.28956848,0.50257653,1.0
12489,8832,0.023314469,0.8944272,-0.4472136,22.55963,0.29384965,0.16799329,0.2844066,0.5025777,0.0
17172,7859,0.046566565,0.4472136,-0.8944272,0.0,0.014426728,0.0019525628,0.2842558,0.50254637,0.0
6636,2706,0.09544931,0.7592566,0.65079135,69.72254,0.24487472,0.8842544,0.2869221,0.5025562,0.0
10463,5418,0.04294373,0.9701425,-0.24253562,67.849396,0.36750188,0.6930597,0.28441158,0.5025324,1.0
13626,6701,0.08102993,-0.6401844,-0.76822126,54.38403,0.34624144,0.8623037,0.28335434,0.5025644,1.0
8631,3602,0.22046585,0.7719302,-0.63570726,76.07637,0.07820805,0.7760257,0.28048012,0.5026346,0.0
4245,4955,0.010430277,0.0,1.0,18.792894,0.20994686,0.060158692,0.28374562,0.5025754,0.0
9024,4601,0.18285145,-0.99846035,0.05547002,63.251465,0.24981017,0.85849386,0.28083903,0.50254345,1.0
10475,4780,0.14248706,0.8637789,-0.503871,78.897026,0.1302202,0.49218643,0.28427365,0.50256264,1.0
2127,5320,0.029482823,-0.70710677,0.70710677,17.18829,0.23842065,0.0010802554,0.28106096,0.5025893,0.0
9849,5800,0.01474932,0.70710677,-0.70710677,38.28211,0.37851176,0.717006,0.27971083,0.5025644,1.0
12731,5992,0.1139827,0.090535745,0.9958932,66.84417,0.3921792,0.812374,0.28384164,0.5025649,1.0
9032,3886,0.029482823,0.70710677,0.70710677,74.72718,0.2509491,0.37501645,0.28628305,0.50255275,1.0
17180,7633,0.13399206,-0.99705446,0.0766965,0.0,0.10440395,0.001162495,0.28018752,0.5025545,0.0
7777,6195,0.05883972,-0.70710677,0.70710677,27.546165,0.2372817,0.26592058,0.28386736,0.5025986,0.0
6818,4324,0.1240155,0.74740934,0.66436386,34.655823,0.26993167,0.91497236,0.28224784,0.50255275,1.0
12686,5666,0.117578685,-0.2631174,-0.9647638,77.893364,0.11996963,0.32097337,0.28640434,0.50268793,1.0
13943,5387,0.14496115,-0.98994946,-0.14142136,81.458,0.1362946,0.063749276,0.2822837,0.5025127,0.0
8587,10336,0.023314469,-0.4472136,0.8944272,16.02082,0.26537585,1.2104571e-05,0.2793806,0.502569,0.0
9688,7283,0.01474932,0.70710677,-0.70710677,18.548624,0.30030373,0.21840669,0.28893122,0.50257134,0.0
8992,3641,0.09544931,0.97618705,-0.21693046,77.8042,0.034927867,0.7104732,0.28074318,0.50260496,1.0
4000,5496,0.037566602,0.8320503,0.5547002,16.728899,0.19931664,0.009823876,0.2806416,0.50256723,0.0
2306,707,0.1336089,-0.9230769,0.3846154,61.85388,0.029992407,0.13665941,0.28334996,0.50261366,0.0
14934,9496,0.023314469,-0.8944272,-0.4472136,22.856136,0.29764616,0.7980491,0.2793806,0.502598,0.0
11948,3862,0.14248706,-0.503871,-0.8637789,88.50174,0.09149583,0.7083088,0.28170583,0.50247556,0.0
13624,6701,0.05203983,-0.8,-0.6,54.378494,0.34776005,0.85825837,0.2838098,0.50257015,1.0
10585,5136,0.16948864,-0.5407576,-0.8411785,74.70319,0.09339408,0.58812064,0.2827324,0.50258523,1.0
6891,2700,0.117578685,-0.6139406,0.78935224,74.96197,0.22551253,0.96099424,0.2820515,0.5026531,0.0
15779,7833,0.120629445,0.34174305,-0.9397934,0.0,0.30410022,0.06295455,0.2807142,0.50255334,0.0
8255,3619,0.05203983,-0.6,-0.8,74.0279,0.21981777,0.9874971,0.2837254,0.5026073,1.0
11633,6457,0.032956913,-0.31622776,0.9486833,52.667,0.35876992,0.90907073,0.29365546,0.50261426,1.0
6548,1904,0.10786097,-0.28734788,0.95782626,83.80481,0.012148823,0.6603067,0.2827505,0.5026665,1.0
5281,2257,0.08361496,-0.49613893,-0.86824316,67.14898,0.18868642,0.58509964,0.2819672,0.50255567,1.0
12469,5944,0.35344338,0.9774142,0.2113328,67.89522,0.16173121,0.36385816,0.28178993,0.50259686,0.0
4172,2383,0.1336089,0.3846154,0.9230769,48.546864,0.0531511,0.8348922,0.27901474,0.502685,1.0
11738,5236,0.046566565,-0.4472136,-0.8944272,76.40848,0.044419136,0.8209337,0.28351817,0.50259334,0.0
17231,9434,0.31751034,0.27074558,0.96265095,0.0,0.54062265,0.010631716,0.28409484,0.5025823,0.0
11397,7407,0.06654887,0.7808688,-0.62469506,26.201689,0.3473804,0.9433677,0.2798086,0.5026015,0.0
2128,821,0.20183851,-0.049937617,0.99875236,57.993645,0.05770691,0.1814434,0.28284654,0.50258696,0.0
13835,8814,0.041665252,-1.0,-1.8369701e-16,20.192953,0.27107063,0.87815565,0.282433,0.5025591,0.0
14095,4533,0.046566565,-0.8944272,-0.4472136,82.75866,0.005694761,0.008175284,0.28351817,0.50257945,0.0
6422,2264,0.22109328,0.090535745,0.9958932,77.48187,0.010250569,0.9427685,0.2811643,0.5025562,0.0
12382,5579,0.18679056,-0.21693046,-0.97618705,77.829475,0.11161731,0.35821396,0.28372875,0.5026328,0.0
7703,4607,0.032956913,-0.31622776,-0.9486833,43.210766,0.28625664,0.96295834,0.2910489,0.50254405,0.0
6057,3188,0.05602868,0.9284767,-0.37139067,52.43991,0.22361428,0.9337241,0.2809698,0.50257653,1.0
10586,5136,0.15210888,-0.73994005,-0.6726728,74.69959,0.091116175,0.5868607,0.28124255,0.5026003,1.0
5687,5715,0.01474932,0.70710677,0.70710677,18.695724,0.21526197,0.05585768,0.28893122,0.5025777,0.0
5618,1878,0.10389993,-0.09950372,-0.9950372,77.906425,0.0269552,0.93003446,0.28413832,0.5025841,1.0
12869,10483,0.037566602,0.8320503,-0.5547002,17.729956,0.26803342,0.0034376257,0.28405777,0.5025899,0.0
16414,8549,0.092640094,0.4472136,0.8944272,0.0,0.3614275,0.044152692,0.27931297,0.5024483,0.0
4202,544,0.01474932,-0.70710677,-0.70710677,81.17141,0.0,0.6730121,0.28893122,0.5025922,1.0
6328,1627,0.023314469,-0.8944272,-0.4472136,88.96768,0.0022779044,0.9956938,0.2904925,0.5025667,0.0
14801,9962,0.023314469,0.4472136,-0.8944272,22.059496,0.2911921,0.18216483,0.27878127,0.5025905,0.0
5885,2915,0.102372095,-0.70710677,-0.70710677,56.257854,0.20463175,0.76844484,0.2808136,0.50252604,0.0
14233,6167,0.14773092,0.8320503,-0.5547002,65.08396,0.022399392,0.2071028,0.2799301,0.5026253,1.0
9296,6741,0.010430277,1.2246469e-16,-1.0,26.65215,0.31852695,0.45835915,0.29327846,0.50260264,0.0
7360,6830,0.117578685,0.78935224,0.6139406,19.715149,0.28208047,0.028002996,0.28082302,0.5025458,0.0
8820,7897,0.05883972,-0.70710677,0.70710677,15.263553,0.29005316,0.011642647,0.2817907,0.50256956,0.0
7470,3964,0.041665252,0.0,1.0,56.340763,0.23917995,0.8510877,0.28011197,0.5025661,1.0
4759,4749,0.01474932,-0.70710677,0.70710677,19.609266,0.22627182,0.21372959,0.29701895,0.50260496,0.0
11998,5996,0.2669322,-0.8087361,-0.5881717,62.79042,0.21146545,0.47515267,0.28039178,0.5025725,1.0
8376,4424,0.037566602,0.5547002,-0.8320503,54.532238,0.23842065,0.94919187,0.29013833,0.5025986,1.0
4967,1306,0.1139827,-0.9958932,-0.090535745,75.520256,0.023158694,0.7580294,0.28141633,0.5025632,1.0
12108,5753,0.01474932,0.70710677,0.70710677,71.076675,0.04745634,0.82990646,0.30079615,0.5026618,1.0
15818,10184,0.14390676,-0.9974587,-0.07124705,0.0,0.37623388,0.08521484,0.28441304,0.50251734,0.0
2827,4298,0.029482823,-0.70710677,-0.70710677,13.109647,0.24715263,0.046352398,0.2853115,0.50257015,0.0
3727,1717,0.1428435,-0.9333456,-0.35897908,56.74019,0.14047077,0.6392228,0.28364038,0.5026502,0.0
12783,6101,0.08361496,-0.49613893,-0.86824316,64.66969,0.41230068,0.79464626,0.28157356,0.50257075,1.0
3395,4909,0.04294373,-0.9701425,-0.24253562,17.416328,0.23917995,0.020429866,0.28441158,0.5025754,0.0
9633,4173,0.010430277,1.2246469e-16,-1.0,76.29591,0.25626424,0.76938486,0.3010061,0.5026183,0.0
7447,8268,0.19609126,-0.8240419,-0.5665288,18.249659,0.31928626,0.0006249211,0.28292578,0.5025655,0.0
13904,6381,0.023314469,0.8944272,0.4472136,67.926094,0.33409265,0.6565727,0.28956848,0.50261945,1.0
3950,3050,0.046566565,-0.4472136,-0.8944272,32.60288,0.18147305,0.843425,0.28019682,0.5025754,1.0
5288,1171,0.023314469,0.8944272,-0.4472136,80.84551,0.006454062,0.9908872,0.28605303,0.5025736,1.0
16014,7671,0.15570273,-0.3939193,-0.91914505,0.0,0.32118452,0.029109081,0.28411445,0.50244486,0.0
14011,8602,0.010430277,-1.0,-1.8369701e-16,23.08275,0.2672741,0.93197465,0.2901347,0.50257826,0.0
10366,5742,0.05203983,1.2246469e-16,-1.0,46.643124,0.36104783,0.76205313,0.27695248,0.50261366,1.0
4931,1268,0.023314469,0.8944272,-0.4472136,74.97662,0.006454062,0.6996714,0.28956848,0.5025655,1.0
4171,2382,0.1240155,0.74740934,0.66436386,48.550842,0.051632497,0.8332655,0.28094977,0.50272274,1.0
7908,7975,0.023314469,-0.4472136,-0.8944272,15.7417755,0.28094155,0.0024035338,0.28956848,0.50257075,0.0
10895,4191,0.085500166,-0.24253562,0.9701425,84.557045,0.03796507,0.71394163,0.28146186,0.50259453,0.0
1287,2811,0.044184793,0.70710677,0.70710677,21.112604,0.26233864,0.1014976,0.28435543,0.50258815,0.0
13815,6460,0.09320911,1.0,6.123234e-17,64.864235,0.34851936,0.8471003,0.2823745,0.5025562,1.0
13083,5452,0.046566565,0.4472136,-0.8944272,85.81406,0.3397874,0.18985268,0.29318956,0.5026067,1.0
3085,6957,0.023314469,0.4472136,-0.8944272,13.319482,0.1894457,5.2220268e-05,0.2793806,0.5025806,0.0
4770,1208,0.01474932,-0.70710677,0.70710677,73.14773,0.009111618,0.7704129,0.2880317,0.50258756,1.0
9033,3888,0.053065702,0.9805807,0.19611613,74.64201,0.24905087,0.37325704,0.28009278,0.50258875,1.0
12330,5076,0.08102993,0.76822126,0.6401844,83.63403,0.06567957,0.6148486,0.27950782,0.5025301,0.0
12394,4020,0.16444072,-0.49613893,0.86824316,89.419945,0.027714502,0.34908164,0.2811358,0.502558,0.0
3552,1423,0.06573812,-0.31622776,0.9486833,58.911713,0.22665147,0.36409292,0.28290716,0.50267863,1.0
11301,3716,0.0,-1.0,-1.8369701e-16,88.48856,0.0034168565,1.0,0.6110364,0.50258005,1.0
9381,4494,0.15634586,-0.9805807,-0.19611613,68.16667,0.24981017,0.9340419,0.28065887,0.50261194,1.0
8258,7191,0.023314469,0.4472136,-0.8944272,19.02551,0.2904328,0.03166656,0.27296898,0.50257015,0.0
8204,3678,0.05203983,-0.6,-0.8,73.74592,0.23006834,0.8215745,0.28127202,0.5025823,1.0
8962,4842,0.046566565,-0.4472136,0.8944272,61.862415,0.2896735,0.8732411,0.28937906,0.5026427,1.0
545,5933,0.01474932,0.70710677,-0.70710677,14.352767,0.20918755,1.523028e-05,0.2602619,0.50257015,0.0
17471,8432,0.13701425,-0.9743912,0.2248595,0.0,0.066059224,0.0026691863,0.2861298,0.5026038,0.0
8313,7063,0.020854957,0.0,1.0,18.219776,0.29612756,0.048025478,0.29661882,0.50257653,0.0
6548,1906,0.06654887,-0.62469506,0.7808688,83.78646,0.014047077,0.6602179,0.2874028,0.50261945,1.0
6162,1735,0.041665252,1.2246469e-16,-1.0,87.68605,0.006833713,0.8235943,0.2847271,0.50261074,1.0
10628,5407,0.14773092,-0.5547002,-0.8320503,72.71294,0.41723615,0.51823294,0.2818217,0.50258464,0.0
12065,6241,0.10389993,-0.9950372,-0.09950372,63.417088,0.396735,0.5201506,0.28099686,0.50257134,1.0
8254,3618,0.05203983,-1.0,-1.8369701e-16,74.0369,0.22019742,0.99140614,0.28874448,0.5025406,1.0
10619,5127,0.17962351,-0.6782801,0.73480344,74.83221,0.08997722,0.6113189,0.28215674,0.50253767,1.0
12721,6231,0.120629445,0.34174305,0.9397934,69.46557,0.45026577,0.91569495,0.28119007,0.50258815,1.0
6126,3257,0.05883972,0.70710677,-0.70710677,50.737144,0.2156416,0.838121,0.28386736,0.50260615,1.0
8408,6371,0.1240155,0.74740934,0.66436386,33.208935,0.28283978,0.4005914,0.2820616,0.50259745,1.0
13010,6558,0.085500166,-0.9701425,0.24253562,63.41916,0.35497344,0.9650393,0.27863017,0.50262994,1.0
3738,4304,0.023314469,0.8944272,0.4472136,16.67899,0.2365224,0.16958341,0.27878127,0.5025644,0.0
10405,4824,0.12730257,-0.24253562,-0.9701425,78.8808,0.14502658,0.54861104,0.28487045,0.5025818,1.0
1728,1135,0.10786097,-0.95782626,-0.28734788,52.758396,0.34700075,0.3650973,0.2787849,0.5025818,0.0
6454,2489,0.1112026,-0.9284767,-0.37139067,69.717964,0.039863326,0.7735377,0.28212035,0.5026525,1.0
15736,7463,0.087947965,-0.70710677,0.70710677,0.0,0.28094155,0.053824477,0.28340173,0.50258815,0.0
13625,7450,0.06573812,0.31622776,-0.9486833,33.10521,0.33257404,0.9352654,0.27833948,0.50259566,0.0
1127,2942,0.020854957,1.2246469e-16,-1.0,18.794771,0.25284737,0.055249635,0.28646412,0.50258005,0.0
4569,1990,0.07343238,0.70710677,-0.70710677,60.384968,0.027714502,0.8171137,0.2836132,0.5025771,1.0
3785,1866,0.15473218,0.9912279,0.13216372,55.434486,0.1602126,0.83080065,0.28280014,0.502551,0.0
5711,2505,0.05203983,-0.6,0.8,64.27225,0.20577069,0.7361033,0.285719,0.50259334,1.0
17028,7609,0.16444072,-0.86824316,-0.49613893,0.0,0.35497344,0.0014864769,0.2813265,0.5025806,0.0
11652,8081,0.14248706,-0.503871,-0.8637789,23.396109,0.32839787,0.3945236,0.28257844,0.5025812,0.0
3478,5807,0.05203983,-0.8,0.6,17.313976,0.21753986,0.0020466575,0.28165862,0.5025742,0.0
15844,10516,0.14565924,-0.7739573,-0.6332378,0.0,0.317388,0.032750357,0.28105444,0.50260437,0.0
10738,8334,0.037566602,-0.8320503,-0.5547002,23.944016,0.34396356,0.05694926,0.2846963,0.50259745,0.0
13664,10257,0.029482823,-0.70710677,-0.70710677,19.640997,0.24601367,0.019212658,0.28628305,0.502569,0.0
5289,1173,0.031268463,1.0,6.123234e-17,80.83657,0.0049354592,0.99140614,0.27995062,0.50260323,1.0
12507,4959,0.032956913,-0.31622776,-0.9486833,85.343414,0.03796507,0.96979815,0.28353575,0.50257015,1.0
2959,2702,0.01474932,0.70710677,0.70710677,32.25045,0.18716781,0.75390285,0.29701895,0.50259626,0.0
7799,8745,0.029482823,-0.70710677,-0.70710677,16.11748,0.24563402,0.00028768182,0.28106096,0.5025899,0.0
4201,542,0.020854957,1.2246469e-16,-1.0,81.163956,0.0003796507,0.66843814,0.28646412,0.50257826,1.0
9032,3887,0.05602868,0.9284767,0.37139067,74.688576,0.2501898,0.37394255,0.28394166,0.5025644,1.0
6451,1712,0.037566602,-0.5547002,0.8320503,84.78998,0.009111618,0.75935966,0.2814208,0.5026177,0.0
12956,10090,0.06654887,-0.62469506,-0.7808688,19.966866,0.26765376,0.011031816,0.28369507,0.5025771,0.0
11771,5564,0.19313613,0.6804511,0.7327935,75.19758,0.0523918,0.5816974,0.2827901,0.50262356,1.0
9501,9510,0.037566602,-0.8320503,-0.5547002,20.55375,0.3397874,0.00041218597,0.2808398,0.50260615,0.0
3881,2684,0.05883972,-0.70710677,0.70710677,41.36629,0.20652999,0.8929037,0.2817907,0.5025818,1.0
767,6162,0.023314469,-0.8944272,-0.4472136,14.64257,0.2164009,1.3266331e-05,0.2848339,0.50259393,0.0
5946,2784,0.1139827,0.090535745,-0.9958932,61.488796,0.19779803,0.8321642,0.28244597,0.5025394,1.0
4886,1846,0.12567092,0.8192319,0.57346237,68.714485,0.0816249,0.7762539,0.28306708,0.5024901,1.0
9078,7071,0.010430277,-1.0,-1.8369701e-16,18.527384,0.2957479,0.14570476,0.2723368,0.5025516,0.0
8377,4422,0.07558321,0.27472112,-0.96152395,54.535137,0.23917995,0.9537323,0.27880895,0.5025748,1.0
1781,4226,0.020854957,1.0,6.123234e-17,13.163988,0.24069856,0.0093652615,0.27928707,0.50257075,0.0
4345,2873,0.103393346,0.8,-0.6,42.882244,0.2072893,0.6712791,0.28456897,0.5025237,0.0
3368,475,0.22109328,0.090535745,0.9958932,73.18513,0.19969627,0.12785873,0.2826909,0.5025423,0.0
10690,10664,0.06654887,0.62469506,0.7808688,20.981186,0.2911921,9.7672644e-05,0.28012654,0.5026172,0.0
10442,3158,0.06063982,-0.8574929,0.51449573,86.908806,0.029992407,0.8497194,0.28622538,0.50251913,0.0
5047,1340,0.10786097,-0.28734788,-0.95782626,76.29778,0.076689444,0.9257066,0.2843177,0.5025742,1.0
6960,4326,0.010430277,1.2246469e-16,-1.0,37.20783,0.24449506,0.97569805,0.29705733,0.50256205,0.0
14002,10691,0.0,-1.0,-1.8369701e-16,17.69027,0.24563402,0.009551239,0.64174473,0.50260204,0.0
13108,5317,0.15473218,0.9912279,-0.13216372,85.391335,0.48861048,0.21209674,0.28010207,0.5025777,1.0
3226,3406,0.023314469,-0.8944272,0.4472136,22.64293,0.19096431,0.7545752,0.28956848,0.5026247,1.0
8626,9781,0.04294373,-0.9701425,-0.24253562,16.9562,0.26537585,5.694178e-05,0.28302798,0.50258696,0.0
12651,5493,0.032956913,-0.31622776,-0.9486833,81.0826,0.06757783,0.35658374,0.28957725,0.5025835,1.0
152,4502,0.0,-1.0,-1.8369701e-16,13.331381,0.21488231,0.00021444488,0.64174473,0.50259626,0.0
8029,9625,0.01474932,-0.70710677,0.70710677,14.510564,0.23766135,3.5496247e-05,0.28893122,0.5025812,0.0
12826,6492,0.117578685,-0.9647638,0.2631174,64.69962,0.3914199,0.90250766,0.28112006,0.50262934,1.0
10044,4447,0.09377447,0.9938837,0.11043153,78.95218,0.32194382,0.8625207,0.28139806,0.5025928,1.0
7569,3778,0.06063982,-0.8574929,0.51449573,62.084686,0.21791951,0.9780296,0.27630204,0.5025644,1.0
6243,4599,0.023314469,0.4472136,0.8944272,28.41246,0.22589219,0.9823641,0.2864402,0.5025922,0.0
7575,3469,0.010430277,-1.0,-1.8369701e-16,64.86132,0.21829917,0.98088557,0.29327846,0.5025736,0.0
5946,2783,0.13959843,-0.29408586,-0.955779,61.529743,0.19779803,0.82963735,0.28051344,0.5025214,1.0
12131,6384,0.037566602,-0.5547002,0.8320503,63.78787,0.4624146,0.8102783,0.28546187,0.50250345,1.0
5347,4227,0.053065702,-0.9805807,-0.19611613,23.689722,0.23614275,0.9522578,0.28208503,0.502616,0.0
4420,612,0.2868903,-0.4740998,-0.8804711,84.513466,0.09377373,0.7832583,0.28393802,0.5025429,1.0
8730,4400,0.11669101,-0.70710677,-0.70710677,60.31456,0.24677297,0.8594145,0.28211108,0.5025986,0.0
12783,6099,0.07343238,-0.70710677,-0.70710677,64.588104,0.41040242,0.79948914,0.28373864,0.50256956,1.0
8854,3893,0.1240155,-0.99654573,0.08304548,74.29899,0.2634776,0.55765194,0.2805456,0.5025667,0.0
563,6329,0.023314469,0.8944272,-0.4472136,15.153993,0.21905847,6.0486527e-06,0.28105673,0.5025916,0.0
13763,6080,0.19827129,0.9670745,0.2544933,65.94719,0.3876234,0.39636526,0.28226382,0.50253654,0.0
8551,8865,0.029482823,0.70710677,-0.70710677,14.462442,0.2942293,0.00058851426,0.2853115,0.50258875,0.0
6103,1865,0.05602868,-0.37139067,0.9284767,86.670364,0.017843584,0.65631133,0.28244236,0.5025719,0.0
5067,1348,0.19437432,0.46788773,-0.88378793,76.40378,0.0098709185,0.98786813,0.2823991,0.50264037,1.0
9900,3972,0.40045112,-0.81067926,-0.5854905,82.31006,0.19362187,0.5707343,0.28054947,0.50258875,0.0
10367,5742,0.07487338,0.5547002,-0.8320503,46.670414,0.36028853,0.7615447,0.27391183,0.5026154,1.0
4064,2202,0.21296309,-0.98994946,0.14142136,51.304424,0.14768413,0.56824774,0.28208604,0.50253826,1.0
12723,6231,0.031268463,1.0,6.123234e-17,69.48175,0.4544419,0.9141618,0.2941073,0.5025017,1.0
12757,6128,0.25382206,-0.23337296,-0.9723873,65.31473,0.39483675,0.77015185,0.28111735,0.5024837,1.0
14282,5190,0.05203983,0.8,-0.6,78.14629,0.011769173,0.020705977,0.2884906,0.5026612,0.0
6311,2409,0.11534551,-0.4472136,-0.8944272,73.75506,0.035307515,0.9742648,0.28348535,0.50261253,1.0
5712,2506,0.023314469,0.4472136,0.8944272,64.268555,0.20690964,0.7381286,0.30434686,0.50261134,1.0
10093,3198,0.023314469,-0.4472136,0.8944272,87.48412,0.01594533,0.8417302,0.2919268,0.502558,0.0
7788,4013,0.05203983,-0.8,-0.6,58.8749,0.22323462,0.91840684,0.2790836,0.50258875,0.0
10703,5030,0.01474932,0.70710677,-0.70710677,76.352135,0.044039484,0.73120666,0.2880317,0.50259626,1.0
9763,3234,0.05883972,0.70710677,0.70710677,84.864555,0.029612755,0.7734816,0.27706903,0.50262064,0.0
5401,3001,0.092640094,0.4472136,0.8944272,49.00538,0.20197418,0.6757377,0.28256324,0.50266355,1.0
12626,5531,0.280629,0.9377488,-0.34731436,80.29106,0.11845102,0.31844106,0.28109595,0.5026172,1.0
8234,7244,0.010430277,0.0,1.0,18.363985,0.28549734,0.026612708,0.28374562,0.50259745,0.0
2589,1592,0.04294373,-0.24253562,0.9701425,51.131145,0.30258164,0.91526055,0.2776732,0.5025806,0.0
5195,1184,0.046566565,-0.4472136,-0.8944272,79.464516,0.0030372057,0.8888827,0.28554592,0.50260615,0.0
12107,6171,0.16474274,-0.9284767,0.37139067,61.56726,0.40091115,0.45755106,0.2793315,0.5025928,1.0
13795,6434,0.05203983,1.0,6.123234e-17,66.34841,0.34396356,0.89577484,0.2872301,0.5025644,1.0
11272,6298,0.092640094,0.8944272,-0.4472136,49.24815,0.356492,0.8403279,0.284572,0.5025319,1.0
10159,8275,0.0,-1.0,-1.8369701e-16,20.15749,0.34092635,0.029481204,0.6578094,0.5025731,0.0
11818,6607,0.12443163,0.9103665,0.41380295,48.271038,0.36636296,0.7457549,0.28176937,0.5025487,0.0
10043,4449,0.1240155,0.99654573,0.08304548,78.962234,0.317388,0.8585463,0.2803054,0.50262874,1.0
561,4135,0.07487338,0.8320503,-0.5547002,12.981025,0.25626424,0.0011401003,0.28228867,0.50257653,0.0
5767,2457,0.14669926,-0.20952909,-0.9778024,67.40701,0.20842825,0.8357568,0.28224975,0.5025307,1.0
11356,6098,0.16474274,0.37139067,0.9284767,47.75265,0.32422173,0.64075166,0.2820626,0.5025823,1.0
12561,4436,0.2333644,0.76822126,0.6401844,87.3479,0.07744875,0.7347662,0.28173295,0.5026154,0.0
4008,2505,0.05602868,0.9284767,0.37139067,43.224426,0.20007592,0.7320788,0.285905,0.5025406,1.0
11772,5564,0.2276425,0.78935224,0.6139406,75.18978,0.055429004,0.5834494,0.28055364,0.5025771,1.0
5149,2911,0.06573812,0.31622776,-0.9486833,48.43128,0.22285497,0.7743251,0.27924767,0.5025475,1.0
4194,2340,0.2885996,-0.6726728,0.73994005,49.596245,0.044798784,0.9012876,0.28343573,0.5025632,1.0
8963,4842,0.10389993,-0.09950372,0.9950372,61.863377,0.29081246,0.8718407,0.28397807,0.50263107,1.0
12106,6171,0.17408092,-0.9931506,0.11684125,61.562103,0.3997722,0.45707482,0.28011668,0.5026259,1.0
5281,2259,0.09377447,-0.11043153,-0.9938837,67.0747,0.1894457,0.58813095,0.28414184,0.5025731,1.0
4201,544,0.032956913,-0.31622776,-0.9486833,81.14993,0.0003796507,0.6721515,0.27985176,0.5025829,1.0
11237,6275,0.046566565,0.8944272,0.4472136,48.565132,0.35459378,0.9363821,0.28274694,0.5025916,0.0
11357,6097,0.1560247,0.52409744,0.85165834,47.751415,0.32839787,0.64350533,0.2835232,0.50256085,1.0
13856,5781,0.20738384,0.388057,-0.9216354,74.25753,0.1864085,0.18329349,0.28063294,0.50263166,0.0
12837,5865,0.13959843,-0.8087361,-0.5881717,74.67001,0.24297646,0.6062362,0.2844254,0.50262064,1.0
8746,7656,0.023314469,0.8944272,0.4472136,15.424539,0.27752468,0.020153515,0.29708654,0.502569,0.0
13107,5318,0.14669926,0.9079594,-0.41905817,85.40229,0.48671222,0.21250494,0.28401682,0.502634,1.0
4771,1209,0.05203983,-0.8,0.6,73.14678,0.0098709185,0.7678212,0.2813695,0.50258875,1.0
9387,6224,0.12359782,-1.0,-1.8369701e-16,38.962086,0.6199696,0.80851406,0.28236842,0.5026177,1.0
9387,6226,0.18910553,-0.9635179,-0.26764387,38.998325,0.6249051,0.8123194,0.28145337,0.5026438,1.0
7301,5418,0.029482823,0.70710677,-0.70710677,26.931221,0.23462415,0.9169152,0.28106096,0.5025731,0.0
8836,5918,0.24169345,0.9444968,0.32852063,39.592636,0.4468489,0.68770707,0.2831934,0.50270474,0.0
4900,6569,0.010430277,1.0,6.123234e-17,15.33606,0.2103265,0.0018338861,0.29178572,0.5025684,0.0
2587,3439,0.07487338,-0.5547002,-0.8320503,19.361368,0.22892939,0.2844415,0.2848717,0.5025748,0.0
17528,8154,0.023314469,0.4472136,0.8944272,0.0,0.027714502,0.0014957719,0.28605303,0.5025661,0.0
8869,6085,0.19827129,0.2544933,-0.9670745,37.150517,0.4377373,0.9047496,0.28363854,0.5026253,0.0
13430,4175,0.10389993,0.9950372,-0.09950372,86.48481,0.028094154,0.04686825,0.27967903,0.5025748,0.0
11303,3715,0.0,-1.0,-1.8369701e-16,88.49817,0.0034168565,1.0,0.6110364,0.50258005,1.0
17920,9633,0.17962351,0.6782801,0.73480344,0.0,0.34434322,0.001230091,0.28142753,0.50252837,0.0
1329,5210,0.010430277,-1.0,-1.8369701e-16,13.155525,0.22095671,0.0003760865,0.28374562,0.50256145,0.0
9341,6232,0.21186255,-0.9954955,-0.09480909,39.2454,0.5926348,0.8689217,0.28357443,0.50268096,1.0
11193,3511,0.14496115,-0.70710677,0.70710677,90.59841,0.023158694,0.8051884,0.28035384,0.50256264,0.0
4885,1845,0.10389993,-0.09950372,0.9950372,68.71389,0.08086561,0.7786262,0.2821985,0.50250286,1.0
9027,3891,0.01474932,-0.70710677,-0.70710677,74.57311,0.24753226,0.3677379,0.29136205,0.50259334,1.0
9040,3884,0.04294373,0.24253562,-0.9701425,74.73904,0.24943052,0.38025212,0.2767475,0.5026015,1.0
8589,3117,0.24316525,-0.9789804,0.20395425,79.14154,0.03796507,0.7516444,0.2815919,0.50262004,0.0
9595,6199,0.029482823,0.70710677,-0.70710677,32.58381,0.4153379,0.955259,0.28555974,0.5025667,1.0
8253,3618,0.10639416,-0.87415725,0.48564294,74.039406,0.21943812,0.9931998,0.27712682,0.50256723,1.0
12787,8631,0.032956913,-0.31622776,-0.9486833,23.047304,0.28929386,0.46218136,0.28673598,0.50255567,0.0
8629,4673,0.20738384,0.388057,0.9216354,54.33021,0.29802582,0.811956,0.28278068,0.502522,1.0
3602,3642,0.046566565,0.8944272,0.4472136,24.36446,0.21222475,0.76528394,0.27897388,0.50260204,0.0
3553,1423,0.18910553,-0.26764387,0.9635179,58.912613,0.22854973,0.36367562,0.2816785,0.502652,1.0
6320,6484,0.05602868,-0.37139067,-0.9284767,20.11583,0.22475323,0.01662319,0.2829062,0.50253654,0.0
6073,6624,0.023314469,-0.8944272,0.4472136,17.201664,0.21867882,0.008195841,0.2901902,0.5025487,0.0
4385,2386,0.21340123,-0.7525767,-0.6585046,50.82074,0.20083523,0.66751325,0.2816519,0.5025905,1.0
8375,4423,0.06654887,0.62469506,-0.7808688,54.51071,0.23993926,0.94736296,0.28369507,0.50260204,1.0
10079,8014,0.010430277,0.0,1.0,16.962334,0.33864844,0.05296276,0.28374562,0.50257075,0.0
5730,2517,0.11669101,0.70710677,0.70710677,64.409836,0.2110858,0.7746496,0.28094268,0.50248253,1.0
12131,6382,0.09377447,-0.9938837,-0.11043153,63.78783,0.45937738,0.80821335,0.28116542,0.502551,1.0
18087,8469,0.037566602,0.5547002,-0.8320503,0.0,0.024297645,0.00049788854,0.2771019,0.5026079,0.0
14566,7845,0.032956913,-0.31622776,0.9486833,31.375164,0.29954442,0.89162815,0.28167245,0.5025905,0.0
2727,473,0.117578685,-0.78935224,0.6139406,65.89193,0.018223235,0.1936955,0.28192902,0.50250864,0.0
12686,5665,0.14669926,0.41905817,-0.9079594,77.925545,0.12072893,0.32003567,0.2831507,0.50262123,1.0
8307,8423,0.023314469,0.4472136,0.8944272,15.472504,0.2581625,0.0013989671,0.2848339,0.5025644,0.0
289,888,0.0,-1.0,-1.8369701e-16,37.161827,0.27107063,0.059577778,0.64174473,0.5025649,0.0
5069,1348,0.13399206,0.0766965,-0.99705446,76.426544,0.0049354592,0.99391556,0.28037903,0.5026398,1.0
12624,5529,0.280629,0.9377488,-0.34731436,80.3068,0.1302202,0.32038525,0.28380325,0.50262123,1.0
11915,5985,0.42047602,0.464007,-0.88583153,61.422375,0.2942293,0.45624748,0.28189206,0.5026177,1.0
10618,5126,0.16948864,-0.5407576,0.8411785,74.86513,0.08504176,0.60978633,0.28358585,0.5025678,1.0
13927,6281,0.069694914,0.4472136,0.8944272,67.87874,0.33940774,0.53767484,0.28165948,0.50261307,1.0
7467,4240,0.05203983,-1.0,-1.8369701e-16,45.361916,0.23690204,0.749271,0.2824064,0.5025649,0.0
4884,1845,0.103393346,0.0,1.0,68.69647,0.07896735,0.78100586,0.2841514,0.5024878,1.0
7569,3779,0.04294373,-0.24253562,0.9701425,62.066097,0.21829917,0.9751505,0.28441158,0.5025684,1.0
3980,2553,0.1112026,-0.9284767,0.37139067,41.761997,0.20007592,0.8027353,0.28156585,0.5025731,1.0
784,1028,0.06573812,0.9486833,-0.31622776,46.32837,0.30485952,0.19725472,0.28535762,0.50256205,0.0
6870,6160,0.023314469,0.4472136,-0.8944272,22.349398,0.21753986,0.088138975,0.2753998,0.5025777,0.0
13796,6433,0.05203983,1.0,6.123234e-17,66.40372,0.34472287,0.8956234,0.2824064,0.5025661,1.0
4886,1847,0.1613837,0.9486833,0.31622776,68.697655,0.07896735,0.7762539,0.2839472,0.50251096,1.0
5282,2257,0.053065702,-0.19611613,-0.9805807,67.16514,0.18754746,0.5841514,0.2883114,0.5025812,1.0
5145,1588,0.13701425,0.2248595,0.9743912,76.03219,0.03606682,0.64317936,0.27817455,0.5025841,1.0
4420,611,0.3090918,-0.43474907,-0.9005516,84.511925,0.09035687,0.78146255,0.281653,0.5025992,1.0
7567,3778,0.0,-1.0,-1.8369701e-16,62.08468,0.2164009,0.97569805,0.6671115,0.5026259,1.0
12821,6242,0.102372095,0.70710677,0.70710677,70.64226,0.37547457,0.7064347,0.27949202,0.50250286,1.0
11355,6098,0.15982935,0.4472136,0.8944272,47.731274,0.32118452,0.63952893,0.28316465,0.50261486,1.0
9061,3848,0.4956821,-0.74740934,-0.66436386,75.90113,0.21374336,0.43056127,0.28249374,0.50261194,1.0
4340,4014,0.037566602,0.5547002,0.8320503,23.077211,0.21753986,0.861736,0.2771019,0.5025754,0.0
9460,6127,0.22943914,0.0,1.0,35.792717,0.7262718,0.6977839,0.27749398,0.50222903,1.0
9062,3849,0.5887403,-0.8894313,-0.45706886,75.85403,0.21412301,0.4296878,0.2793155,0.44474626,1.0
12611,6207,0.16444072,-0.49613893,-0.86824316,67.18824,0.3504176,0.73012257,0.2817811,0.5026845,1.0
11303,3971,0.08297659,-1.0,-1.8369701e-16,87.64441,0.022399392,0.9404371,0.28548288,0.50260264,0.0
6624,6595,0.06573812,0.31622776,-0.9486833,19.061115,0.22779043,0.019185591,0.27924767,0.50258815,0.0
5614,264,0.0,-1.0,-1.8369701e-16,0.0,0.0,0.095384955,0.6110364,0.50258005,0.0
8880,6270,0.23023154,0.30320367,0.9529258,42.02837,0.5110099,0.6249883,0.2830325,0.5025319,1.0
7480,6754,0.046566565,0.4472136,0.8944272,21.358591,0.3196659,0.039992932,0.2896063,0.50253534,0.0
6454,2900,0.15570273,0.3939193,0.91914505,60.88608,0.19969627,0.9722585,0.28188103,0.50251794,1.0
8008,10359,0.010430277,-1.0,-1.8369701e-16,12.495657,0.24753226,4.976707e-06,0.28374562,0.5025841,0.0
3289,1646,0.117578685,-0.78935224,0.6139406,53.249863,0.27638572,0.6107991,0.28326327,0.5025237,0.0
2344,6994,0.029482823,0.70710677,0.70710677,12.993221,0.21450266,1.6567754e-05,0.2762189,0.5025922,0.0
11634,6457,0.09320911,0.0,1.0,52.686672,0.36028853,0.9069244,0.2833675,0.5025823,1.0
9387,6225,0.13701425,-0.9743912,-0.2248595,38.980206,0.6218679,0.8104218,0.28471002,0.5026438,1.0
9962,7720,0.06063982,0.8574929,-0.51449573,16.926641,0.34396356,0.099655665,0.28306994,0.50255394,0.0
13383,5731,0.15634586,0.19611613,0.9805807,79.48566,0.37015945,0.4241603,0.27922267,0.5024959,0.0
11196,6049,0.07343238,-0.70710677,-0.70710677,45.191,0.35725132,0.5074782,0.2852526,0.50264096,1.0
14396,6413,0.26532543,0.03701166,0.99931484,65.67284,0.28359908,0.21914664,0.28201887,0.5026665,0.0
11729,4677,0.16802266,0.9701425,-0.24253562,80.275116,0.033029612,0.9806504,0.2796414,0.5025644,0.0
4301,519,0.029482823,-0.70710677,0.70710677,83.33464,0.0037965071,0.6328875,0.28138077,0.5025568,1.0
9155,8029,0.04294373,0.24253562,-0.9701425,15.546944,0.29840547,0.01361493,0.2774921,0.5025899,0.0
8192,3708,0.05602868,-0.9284767,0.37139067,72.978,0.2342445,0.8339479,0.28212598,0.50264734,0.0
13107,5317,0.16861087,0.9061831,-0.42288548,85.39998,0.48936978,0.21271144,0.28105122,0.50263226,1.0
7815,7694,0.04294373,0.9701425,-0.24253562,16.173576,0.27676538,0.0048529375,0.2819454,0.5025771,0.0
6162,1733,0.10639416,0.48564294,-0.87415725,87.6916,0.006833713,0.82655096,0.284019,0.50269896,1.0
4349,118,0.0,-1.0,-1.8369701e-16,0.0,0.0,0.18561015,0.6110364,0.50258005,0.0
11280,6494,0.032956913,-0.31622776,-0.9486833,45.32888,0.35459378,0.9410105,0.2886283,0.5025562,0.0
5288,1173,0.044184793,0.70710677,-0.70710677,80.823105,0.00531511,0.9890579,0.28149962,0.5025951,1.0
8538,3794,0.30794802,-0.062378287,0.9980526,72.985016,0.23196658,1.0,0.28144175,0.50259393,0.0
5116,1851,0.17743166,0.9161573,0.40081882,73.54916,0.14692482,0.3847626,0.28475398,0.50256145,0.0
9029,3891,0.020854957,1.0,6.123234e-17,74.557526,0.24753226,0.36852,0.28266856,0.50258875,1.0
13858,5324,0.16713572,-0.792624,-0.60971075,82.15419,0.11807138,0.06651882,0.2812935,0.5025516,0.0
10439,5407,0.079033196,0.3939193,-0.91914505,67.07224,0.3621868,0.6682451,0.283486,0.5026073,1.0
5113,2019,0.06573812,-0.31622776,0.9486833,70.49023,0.16097191,0.3453331,0.28568736,0.5024994,1.0
12761,5139,0.24516867,0.9701425,0.24253562,86.629364,0.17236143,0.66020304,0.28271106,0.50251794,1.0
12107,6170,0.17379817,-0.9363292,0.35112345,61.536186,0.396735,0.45623937,0.279873,0.50262874,1.0
5167,1797,0.037566602,0.5547002,-0.8320503,75.588776,0.16287015,0.37528014,0.28647837,0.50255215,0.0
18074,9283,0.39530975,-0.34358153,-0.93912286,0.0,0.35952923,0.0008209679,0.28409493,0.5027268,0.0
5113,2020,0.09377447,-0.11043153,0.9938837,70.47208,0.16135156,0.34495997,0.28281137,0.50251156,1.0
8155,8588,0.032956913,0.9486833,-0.31622776,14.909003,0.26082003,0.000730705,0.27582893,0.5026003,0.0
8703,8195,0.010430277,1.0,6.123234e-17,16.493849,0.27220955,0.0044107293,0.3010061,0.50260204,0.0
12652,5495,0.06324172,0.16439898,-0.9863939,81.059135,0.066438876,0.35433894,0.28094262,0.50259686,1.0
8377,4424,0.04294373,0.9701425,-0.24253562,54.54756,0.238041,0.9518967,0.28302798,0.5025754,1.0
9801,6924,0.029482823,-0.70710677,-0.70710677,19.1619,0.33257404,0.67287755,0.28929764,0.5025858,0.0
2586,4407,0.010430277,1.0,6.123234e-17,15.359344,0.23766135,0.024411894,0.2723368,0.5025777,0.0
3951,3049,0.020854957,1.2246469e-16,-1.0,32.611965,0.18071374,0.84702903,0.29345578,0.50259566,1.0
12830,5852,0.30858433,-0.9956342,0.09334071,74.97995,0.2342445,0.58632314,0.2790827,0.5025725,1.0
12938,6173,0.04294373,-0.9701425,-0.24253562,70.59664,0.43432042,0.78006715,0.28441158,0.50257134,1.0
4431,4039,0.020854957,0.0,1.0,22.83637,0.21867882,0.88070506,0.277708,0.50259334,0.0
17107,10211,0.27943975,-0.48860338,0.872506,0.0,0.151101,0.0070321052,0.28358755,0.5024605,0.0
11570,6149,0.08297659,1.0,6.123234e-17,53.07624,0.37927106,0.53365576,0.28448844,0.5025585,0.0
12614,6207,0.20394075,0.83957016,0.5432513,67.22131,0.35003796,0.7368319,0.2794481,0.5026694,1.0
11273,6299,0.20394075,0.9383431,-0.34570536,49.26769,0.35383448,0.8371744,0.27997452,0.5025475,1.0
5068,1348,0.14669926,0.41905817,-0.9079594,76.41516,0.007213364,0.9908872,0.28247675,0.50263166,1.0
16564,9274,0.1336089,0.0,1.0,0.0,0.8033409,0.08201957,0.28431493,0.5025237,0.0
2040,104,0.3636036,-0.94346017,-0.331486,0.0,0.034548216,0.023459015,0.28130075,0.5026839,0.0
10472,4780,0.19213837,1.0,6.123234e-17,78.91531,0.13211845,0.4923902,0.28101048,0.5026241,1.0
12757,6129,0.18496518,-0.16439898,-0.9863939,65.35789,0.3952164,0.772183,0.28263366,0.50249183,1.0
10868,3735,0.17266157,-0.70710677,0.70710677,85.20371,0.039483674,0.8681756,0.28217852,0.50258875,0.0
1828,2804,0.046566565,0.8944272,-0.4472136,25.20546,0.24525437,0.30933267,0.28515932,0.5025992,0.0
10189,4239,0.2296376,0.82530725,0.5646839,83.10269,0.36940014,0.62684804,0.28048763,0.502551,1.0
9431,7961,0.029482823,0.70710677,-0.70710677,15.156009,0.29802582,0.023918489,0.28106096,0.50256723,0.0
8254,3619,0.044184793,-0.70710677,-0.70710677,74.030396,0.22057708,0.9890579,0.29019308,0.5025893,1.0
5500,1509,0.023314469,-0.4472136,-0.8944272,79.9387,0.0011389522,0.98456067,0.28605303,0.50258756,1.0
11263,6274,0.092640094,0.8944272,-0.4472136,49.07131,0.3637054,0.8667271,0.28302738,0.5025388,1.0
599,5183,0.010430277,0.0,1.0,12.619659,0.21602125,0.000101989346,0.2901347,0.50259626,0.0
4062,2202,0.20738384,-0.9216354,0.388057,51.286137,0.14616553,0.5652736,0.2821623,0.50254405,1.0
17569,8910,0.117578685,-0.2631174,0.9647638,0.0,0.6226272,0.0033307539,0.28311637,0.50254405,0.0
12699,10125,0.05602868,-0.9284767,0.37139067,19.586508,0.27296886,0.006765804,0.28188476,0.50253534,0.0
7959,8538,0.031268463,-1.0,-1.8369701e-16,15.564523,0.25474563,0.0006348703,0.27620062,0.5025823,0.0
12234,5530,0.20919028,-0.81696784,-0.5766832,79.5733,0.08124525,0.56383914,0.28002495,0.50254464,0.0
6809,1799,0.023314469,-0.4472136,-0.8944272,87.58035,0.0060744113,0.8475527,0.28105673,0.5025603,1.0
5038,1458,0.13959843,0.8087361,0.5881717,74.359406,0.013667426,0.9864459,0.28197148,0.5025545,1.0
7466,7646,0.046566565,-0.8944272,-0.4472136,16.513865,0.28397873,0.0035862827,0.27897388,0.5025644,0.0
13082,5452,0.08297659,1.2246469e-16,-1.0,85.82554,0.34092635,0.1903394,0.28343278,0.50260323,1.0
14785,9828,0.023314469,-0.4472136,0.8944272,20.874441,0.3029613,0.26289365,0.2793806,0.5025644,0.0
10617,5127,0.13812844,-0.66896474,0.7432941,74.84184,0.083902806,0.60765105,0.28394452,0.5026067,1.0
12940,6172,0.029482823,-0.70710677,0.70710677,70.60168,0.43432042,0.7850451,0.28106096,0.5025487,1.0
12761,5138,0.27383465,1.0,6.123234e-17,86.65314,0.17767654,0.6599441,0.2815092,0.502504,1.0
3508,1350,0.13701425,-0.9743912,0.2248595,59.75365,0.25360668,0.42363602,0.28300753,0.5025667,0.0
6055,3187,0.023314469,0.8944272,-0.4472136,52.414127,0.22475323,0.93909883,0.2904925,0.5025899,1.0
1954,838,0.06324172,-0.16439898,0.9863939,57.11352,0.17501898,0.16689399,0.28671578,0.50261426,0.0
9748,4246,0.032956913,-0.9486833,0.31622776,76.70294,0.28094155,0.5950675,0.27582893,0.50260496,1.0
14233,6168,0.103393346,0.6,-0.8,65.12364,0.020501139,0.20751809,0.27633741,0.5026537,1.0
12820,6243,0.14248706,0.8637789,0.503871,70.62131,0.3720577,0.70770735,0.28361326,0.50250864,1.0
9025,4602,0.12891136,-0.8778956,-0.47885212,63.232094,0.25208807,0.8611176,0.28333226,0.50251967,1.0
13663,9871,0.023314469,0.8944272,-0.4472136,19.750683,0.27220955,0.05567473,0.28790396,0.50256205,0.0
10315,8742,0.023314469,0.8944272,0.4472136,20.761309,0.3189066,0.010362226,0.2753998,0.50256723,0.0
13120,75,0.0,-1.0,-1.8369701e-16,0.0,0.0,2.0323974e-05,0.6110364,0.50258005,0.0
9063,3848,0.39719644,-0.97879064,-0.20486316,75.88091,0.20387244,0.431324,0.28790805,0.36730042,1.0
7752,4834,0.053065702,-0.9805807,0.19611613,42.63801,0.2672741,0.8791676,0.2840283,0.50254697,0.0
15723,9892,0.029482823,-0.70710677,0.70710677,0.0,0.34776005,0.21268073,0.28929764,0.5025818,0.0
3190,1881,0.14248706,0.8637789,-0.503871,48.39529,0.19741838,0.6720255,0.28125852,0.5025928,1.0
11026,3017,0.05602868,0.37139067,-0.9284767,90.10409,0.00531511,0.9096948,0.28584096,0.50257945,0.0
16538,9989,0.037566602,0.5547002,-0.8320503,0.0,0.67615795,0.042606134,0.2778252,0.50264966,0.0
14726,9905,0.032956913,0.31622776,0.9486833,21.574219,0.2927107,0.19684523,0.2886283,0.502569,0.0
12505,4960,0.023314469,-0.8944272,0.4472136,85.33543,0.03796507,0.96404415,0.2848339,0.502598,1.0
10618,5127,0.18601096,-0.49026123,0.87157553,74.83702,0.08656036,0.6094824,0.28314158,0.50258756,1.0
9342,6232,0.25638753,-1.0,-1.8369701e-16,39.241615,0.5922551,0.8690081,0.28236234,0.5026624,1.0
7470,3966,0.053065702,-0.19611613,0.9805807,56.267,0.23993926,0.84846276,0.287089,0.5025591,1.0
15759,9658,0.037566602,-0.8320503,0.5547002,0.0,0.35876992,0.39501405,0.28234655,0.50259566,0.0
388,4441,0.1240155,-0.08304548,0.99654573,12.990471,0.27600607,0.00039967385,0.28322315,0.50256264,0.0
16532,8138,0.26532543,-0.03701166,0.99931484,0.0,0.1294609,0.013457883,0.2850459,0.5025081,0.0
10367,5744,0.079033196,-0.91914505,-0.3939193,46.551823,0.3614275,0.757026,0.283486,0.50261426,1.0
9061,3849,0.58154744,-0.84728706,-0.5311352,75.86408,0.22247532,0.42930683,0.279296,0.5026502,1.0
4930,1267,0.01474932,0.70710677,-0.70710677,74.96363,0.006833713,0.69758534,0.2687577,0.5025649,1.0
11712,3533,0.14669926,0.9778024,0.20952909,91.83177,0.03644647,0.7880497,0.28007245,0.50257015,0.0
13509,6573,0.069694914,0.8944272,-0.4472136,61.293606,0.34927866,0.9405084,0.28311446,0.50255334,0.0
12643,134,0.0,-1.0,-1.8369701e-16,0.0,0.0,4.421944e-05,0.6110364,0.50258005,0.0
9307,7277,0.01474932,-0.70710677,-0.70710677,18.485964,0.2949886,0.12024135,0.28893122,0.5025736,0.0
7525,8000,0.15375452,0.06651901,-0.99778515,17.044727,0.30941534,0.0014508254,0.2834673,0.50261253,0.0
8992,3642,0.05203983,0.8,-0.6,77.81815,0.033788916,0.7083088,0.27874655,0.5026015,1.0
8914,6257,0.2296376,-0.99905616,-0.043437224,42.851048,0.57896733,0.61404973,0.28344584,0.5025655,1.0
1010,586,0.18496518,-0.9863939,-0.16439898,53.81038,0.19552012,0.062012233,0.2803485,0.5025336,0.0
10936,9066,0.041665252,1.2246469e-16,-1.0,26.768316,0.33675018,0.010221833,0.28447282,0.5025754,0.0
4771,1207,0.020854957,-1.0,-1.8369701e-16,73.174934,0.009111618,0.76830906,0.28740448,0.5026003,1.0
3951,3051,0.04294373,-0.24253562,-0.9701425,32.611977,0.1810934,0.84282684,0.27938443,0.50258005,1.0
12939,6172,0.044184793,-0.70710677,0.70710677,70.58058,0.43356112,0.78343755,0.28446928,0.5025736,1.0
6163,1733,0.041665252,1.0,6.123234e-17,87.69274,0.0060744113,0.8286073,0.2840841,0.50267863,1.0
14658,10491,0.046566565,-0.4472136,-0.8944272,17.990341,0.26765376,0.034230404,0.27897388,0.5025841,0.0
6817,4324,0.1316743,0.7808688,0.62469506,34.638157,0.26803342,0.91569495,0.2812378,0.50258696,1.0
3066,560,0.05203983,-0.6,-0.8,67.45833,0.04252088,0.25146234,0.28231472,0.50257015,0.0
14447,8848,0.01474932,0.70710677,-0.70710677,23.619001,0.26917237,0.66928214,0.30079615,0.5025748,0.0
8410,6371,0.15951633,0.76822126,0.6401844,33.228718,0.28625664,0.4013432,0.2814193,0.50259393,1.0
7633,2697,0.18601096,-0.49026123,-0.87157553,82.54997,0.24715263,0.3855708,0.28107557,0.5025916,0.0
6456,2902,0.14773092,0.5547002,0.8320503,60.81416,0.20083523,0.97569805,0.2811035,0.50254524,1.0
11345,6125,0.1112026,-0.9284767,-0.37139067,48.137768,0.32687926,0.5879917,0.28196374,0.50248605,1.0
13986,9125,0.031268463,0.0,1.0,21.47489,0.25854215,0.634966,0.2793289,0.5025562,0.0
11303,3716,0.0,-1.0,-1.8369701e-16,88.49823,0.0034168565,1.0,0.6110364,0.50258005,1.0
8131,8094,0.06654887,-0.62469506,-0.7808688,16.04943,0.2581625,0.0026593585,0.28180522,0.50257593,0.0
13385,4027,0.07558321,-0.27472112,0.96152395,85.17138,0.014806378,0.046104066,0.28648564,0.5025562,0.0
2474,1716,0.21274357,-0.33035043,-0.9438584,47.646645,0.23462415,0.97644866,0.28172216,0.50256723,0.0
12613,6207,0.117578685,0.9647638,0.2631174,67.21029,0.348899,0.7345887,0.2793172,0.5026827,1.0
13840,4071,0.0,-1.0,-1.8369701e-16,86.46929,0.0,0.012891988,0.66876256,0.50261194,0.0
5346,3143,0.14496115,0.14142136,0.98994946,47.4857,0.2095672,0.7013666,0.28031647,0.50263107,0.0
5081,3908,0.04294373,-0.24253562,-0.9701425,28.944372,0.2126044,0.9658057,0.2819454,0.50259453,0.0
8253,3617,0.092640094,-0.8944272,0.4472136,74.04592,0.21753986,0.9956938,0.2802247,0.50258696,1.0
13561,5092,0.2868903,0.4740998,-0.8804711,85.03542,0.14654517,0.05727781,0.28198037,0.5026079,0.0
12759,5139,0.32051075,0.92219436,0.38672668,86.58584,0.16856492,0.66421235,0.28149077,0.5025237,1.0
4062,2200,0.21119861,-0.99886817,-0.04756515,51.3337,0.13933182,0.5635095,0.2815471,0.5025864,1.0
12758,6129,0.3099765,-0.37139067,-0.9284767,65.375336,0.39104024,0.7709778,0.2797544,0.5025649,1.0
10188,4240,0.16594434,0.6757246,0.7371541,83.071785,0.36332574,0.62955326,0.28434995,0.50263864,1.0
12821,6244,0.18285145,0.8320503,0.5547002,70.6424,0.3705391,0.70492667,0.28455672,0.50257653,1.0
9850,5801,0.01474932,0.70710677,0.70710677,38.209553,0.37851176,0.72008294,0.2880317,0.5025632,1.0
5501,1511,0.01474932,0.70710677,0.70710677,79.93865,0.0007593014,0.98786813,0.29136205,0.5025905,1.0
2198,6895,0.029482823,-0.70710677,-0.70710677,13.594941,0.22399393,1.7787579e-05,0.28106096,0.5025893,0.0
5979,5894,0.04294373,-0.24253562,-0.9701425,19.351763,0.21791951,0.052340116,0.28441158,0.50259626,0.0
12939,6174,0.023314469,0.8944272,-0.4472136,70.65488,0.43432042,0.7798918,0.28105673,0.5025562,1.0
2505,2167,0.031268463,0.0,1.0,39.84905,0.18716781,0.8552398,0.29013515,0.50259453,0.0
9026,3609,0.044184793,0.70710677,-0.70710677,77.28189,0.03682612,0.7687984,0.27902725,0.50257826,1.0
4286,3040,0.08361496,0.99227786,0.12403473,36.685665,0.2080486,0.75301063,0.28105918,0.50252664,0.0
6337,1545,0.0,-1.0,-1.8369701e-16,88.96452,0.0,1.0,0.6110364,0.50258005,0.0
5566,1708,0.09544931,-0.65079135,-0.7592566,78.88211,0.029612755,0.9455218,0.2805979,0.5025585,0.0
13816,6458,0.020854957,1.0,6.123234e-17,64.97971,0.35079727,0.844026,0.28266856,0.5025417,1.0
4168,5896,0.023314469,-0.4472136,-0.8944272,16.667847,0.20539103,0.0041922703,0.28105673,0.5025655,0.0
13874,5524,0.46441266,-0.43986744,-0.8980627,80.674065,0.41799545,0.10106105,0.28202143,0.5026154,0.0
9038,3884,0.020854957,1.2246469e-16,-1.0,74.75537,0.2509491,0.37949926,0.28740448,0.502558,1.0
12192,5755,0.09544931,-0.97618705,-0.21693046,71.37046,0.07744875,0.64682955,0.2799133,0.50260615,0.0
5729,2517,0.15634586,0.19611613,0.9805807,64.383026,0.2088079,0.7723639,0.2827229,0.50252837,1.0
8916,6258,0.26661202,-0.9938837,-0.11043153,42.810997,0.58314353,0.61081064,0.28192088,0.50257826,1.0
6337,2334,0.15473218,-0.13216372,-0.9912279,75.935875,0.018602885,0.8523726,0.28165045,0.50256956,1.0
11302,3714,0.0,-1.0,-1.8369701e-16,88.4933,0.0034168565,1.0,0.6110364,0.50258005,1.0
3479,1494,0.06573812,-0.9486833,0.31622776,56.86307,0.20501138,0.47865215,0.28290716,0.50263107,1.0
5146,1587,0.109783925,0.6585046,0.7525767,76.048256,0.038344722,0.6428268,0.28309512,0.502598,1.0
5655,1562,0.046566565,0.4472136,0.8944272,79.93088,0.0022779044,0.9890579,0.27897388,0.50260323,1.0
14232,6168,0.13959843,0.5881717,-0.8087361,65.12741,0.022779044,0.20799637,0.27814218,0.50261134,1.0
11293,8652,0.01474932,0.70710677,0.70710677,24.382143,0.3204252,0.05084532,0.27167073,0.50256956,0.0
12612,6206,0.08361496,0.86824316,0.49613893,67.14981,0.35003796,0.73242885,0.27887398,0.5026607,1.0
12624,5530,0.25313154,0.9363292,-0.35112345,80.289894,0.12566438,0.31940907,0.28294012,0.5026351,1.0
5977,3121,0.032956913,-0.9486833,-0.31622776,51.527313,0.22703113,0.90589374,0.28167245,0.5025551,0.0
14172,8979,0.01474932,-0.70710677,0.70710677,22.246412,0.2581625,0.85415,0.2849824,0.502591,0.0
4155,2700,0.23180524,0.9028605,-0.42993358,44.774117,0.17236143,0.9462341,0.28551254,0.5023427,1.0
4007,3252,0.037566602,-0.8320503,0.5547002,31.73032,0.19931664,0.72924936,0.28546187,0.50257885,0.0
9379,4494,0.15111154,-0.8804711,-0.4740998,68.12605,0.25246772,0.93965834,0.28401223,0.50252086,1.0
8202,3679,0.05203983,-1.0,-1.8369701e-16,73.74296,0.23196658,0.822277,0.2824064,0.5025835,1.0
3391,5730,0.023314469,0.4472136,-0.8944272,17.408363,0.21943812,0.0022221734,0.2904925,0.5025725,0.0
6393,2880,0.023314469,-0.4472136,0.8944272,62.033295,0.19665907,0.90403724,0.2901902,0.502645,1.0
4841,5892,0.020854957,1.0,6.123234e-17,16.192255,0.22019742,0.010683768,0.28266856,0.50255334,0.0
9575,9152,0.023314469,-0.8944272,-0.4472136,20.062456,0.29840547,0.0011953629,0.28351718,0.502598,0.0
9815,9069,0.023314469,0.8944272,-0.4472136,20.714712,0.32460135,0.0021131842,0.2793806,0.50257885,0.0
2332,5278,0.01474932,-0.70710677,0.70710677,16.870852,0.24601367,0.0016294345,0.2947435,0.5025841,0.0
8202,3677,0.05203983,-1.0,-1.8369701e-16,73.75686,0.230448,0.82188624,0.2824064,0.50256205,1.0
7099,2507,0.2715114,-0.90152305,0.43273106,81.040016,0.24031891,0.716235,0.28183395,0.5026351,0.0
12837,5866,0.15951633,-0.6401844,-0.76822126,74.63893,0.24487472,0.60802054,0.27960315,0.50259334,1.0
13049,6161,0.05203983,0.8,-0.6,71.495186,0.3561124,0.79846144,0.290251,0.50250053,1.0
2198,2392,0.020854957,-1.0,-1.8369701e-16,30.524939,0.22930904,0.75571436,0.29032746,0.5025986,0.0
12406,9936,0.023314469,0.8944272,-0.4472136,21.999468,0.2805619,0.007890349,0.2904925,0.5025516,0.0
2387,6675,0.0,-1.0,-1.8369701e-16,14.883849,0.21716021,4.2096657e-05,0.64174473,0.50257075,0.0
17193,8091,0.037566602,0.5547002,-0.8320503,0.0,0.018602885,0.003024023,0.28546187,0.50256205,0.0
10462,5417,0.07487338,-0.5547002,0.8320503,67.81544,0.36712223,0.69104636,0.28390855,0.50253534,1.0
13782,9133,0.031268463,-1.0,-1.8369701e-16,20.101318,0.2741078,0.42507425,0.2851493,0.5025684,0.0
10365,5743,0.06063982,-0.51449573,-0.8574929,46.556416,0.36256644,0.7602612,0.28500938,0.5025992,1.0
11344,6125,0.08854881,-0.9363292,-0.35112345,48.11716,0.3272589,0.58693767,0.28410298,0.50251734,1.0
3228,3407,0.05203983,-0.8,0.6,22.640417,0.19400153,0.75738096,0.2813695,0.50252837,1.0
7472,3965,0.037566602,-0.8320503,0.5547002,56.303913,0.24069856,0.85425097,0.28546187,0.5025667,1.0
6549,1905,0.14496115,-0.14142136,0.98994946,83.81861,0.014806378,0.65825844,0.28610355,0.5026705,1.0
8409,6371,0.14565924,0.7739573,0.6332378,33.218826,0.28435838,0.400969,0.28289393,0.50260437,1.0
5068,1347,0.19012317,0.42579705,-0.9048187,76.429504,0.008352316,0.9903967,0.28240225,0.5026479,1.0
5149,2912,0.05883972,0.70710677,-0.70710677,48.396835,0.22209567,0.7735236,0.28201014,0.50256956,1.0
11513,9170,0.01474932,-0.70710677,-0.70710677,25.66931,0.34320426,0.017750746,0.29136205,0.5025916,0.0
9846,6938,0.037566602,0.8320503,0.5547002,18.746498,0.32801822,0.6943491,0.2846963,0.50261253,0.0
12819,6242,0.1112026,0.37139067,0.9284767,70.60106,0.3720577,0.71049255,0.28377292,0.5025063,1.0
2381,6274,0.010430277,-1.0,-1.8369701e-16,17.536488,0.23158693,0.00012218214,0.2808326,0.50256723,0.0
9024,3609,0.05203983,1.2246469e-16,-1.0,77.28635,0.037585422,0.7704955,0.2805735,0.5025922,1.0
12758,6127,0.30185586,-0.28734788,-0.95782626,65.2892,0.3868641,0.76694405,0.28210554,0.5025806,1.0
2252,4006,0.05203983,-0.6,0.8,15.859226,0.25246772,0.038312126,0.2790836,0.50258696,0.0
13370,6737,0.029482823,-0.70710677,-0.70710677,51.815212,0.34510252,0.9247642,0.28555974,0.50257134,1.0
12001,9196,0.023314469,0.8944272,0.4472136,24.228922,0.32384208,0.032295853,0.2848339,0.5025823,0.0
5712,2505,0.09544931,0.21693046,0.97618705,64.29958,0.2072893,0.7383438,0.28074318,0.50260437,1.0
12819,6244,0.26963082,0.94498605,0.32711056,70.601105,0.36788154,0.70895064,0.28028646,0.5024994,1.0
7738,3205,0.2480419,0.47885212,0.8778956,77.331604,0.33675018,0.6834204,0.28291476,0.5025777,0.0
16728,9566,0.13399206,-0.8436615,0.5368755,0.0,0.80979496,0.04567344,0.28478897,0.502515,0.0
17220,7813,0.032956913,0.9486833,0.31622776,0.0,0.014806378,0.0015942244,0.29062074,0.5025818,0.0
8121,3095,0.10786097,0.28734788,0.95782626,79.68292,0.09301443,0.69829017,0.28320464,0.50250345,0.0
5656,1563,0.08102993,0.6401844,0.76822126,79.93083,0.002657555,0.9874971,0.27911118,0.5026085,1.0
9026,6118,0.16474274,-0.9284767,-0.37139067,37.54475,0.41723615,0.6749127,0.28114182,0.5026502,1.0
11662,9221,0.010430277,1.0,6.123234e-17,24.61499,0.36750188,0.018914543,0.29705733,0.5026085,0.0
13905,6382,0.010430277,0.0,1.0,67.923996,0.3344723,0.6559344,0.28374562,0.50258756,1.0
11077,8606,0.04294373,-0.9701425,-0.24253562,24.075176,0.3321944,0.04398013,0.28302798,0.5025905,0.0
11047,5312,0.32369703,-0.41158673,0.9113706,73.30572,0.15186028,0.4916151,0.28281835,0.50243556,1.0
12730,5993,0.14669926,0.20952909,0.9778024,66.771805,0.38952163,0.8114307,0.28224975,0.5025591,1.0
12875,6053,0.25191656,-0.4314555,0.90213424,67.13494,0.42862567,0.9249848,0.28162283,0.50263745,1.0
7568,3777,0.029482823,-0.70710677,-0.70710677,62.103275,0.21678056,0.97973794,0.28106096,0.5025986,1.0
4173,2384,0.13010348,0.31622776,0.9486833,48.542984,0.0539104,0.8364527,0.28227854,0.50270534,1.0
4421,612,0.31653976,-0.48307735,-0.8755777,84.51347,0.08845862,0.7848338,0.28190678,0.50255567,1.0
6056,3186,0.06238679,1.0,6.123234e-17,52.42701,0.22513288,0.9400817,0.28239217,0.50260496,1.0
4007,2505,0.06654887,0.7808688,0.62469506,43.21658,0.19931664,0.7342231,0.28354105,0.5025638,1.0
297,2032,0.05203983,0.6,-0.8,24.044939,0.33143508,0.09706125,0.28447032,0.50262874,0.0
8231,3643,0.05602868,-0.37139067,0.9284767,73.92677,0.21716021,0.9264929,0.2809698,0.50261074,1.0
12682,6064,0.3397086,0.94299036,0.33282012,62.311546,0.3735763,0.7051333,0.2835105,0.5025997,1.0
9311,5400,0.08361496,-0.99227786,0.12403473,53.92799,0.29157177,0.9292631,0.28342465,0.50251967,0.0
12729,5994,0.17743166,0.40081882,0.9161573,66.6995,0.3861048,0.8104218,0.28366047,0.50254697,1.0
7073,3382,0.12567092,-0.57346237,-0.8192319,62.207184,0.21222475,0.9969531,0.27868837,0.5025899,0.0
13917,7214,0.09763509,-0.52999896,0.8479983,43.077232,0.31928626,0.9675316,0.28234145,0.5026073,0.0
4153,2701,0.28703335,0.91381156,0.40613848,44.744263,0.16818526,0.95153856,0.28531164,0.50236475,1.0
5618,1877,0.1139827,-0.090535745,-0.9958932,77.90806,0.0261959,0.9292631,0.28145486,0.5025992,1.0
4063,2202,0.21449143,-0.98233855,0.18711211,51.29528,0.14730448,0.56675994,0.28196576,0.5025411,1.0
8162,5531,0.10639416,-0.48564294,0.87415725,37.138477,0.25398633,0.9412271,0.2822059,0.5025777,0.0
1497,3455,0.023314469,-0.8944272,0.4472136,15.279349,0.24829157,0.034919802,0.28351718,0.5025649,0.0
8183,3096,0.032956913,-0.9486833,-0.31622776,79.35335,0.07213364,0.837328,0.29291484,0.50258005,0.0
10440,5407,0.037566602,0.5547002,-0.8320503,67.103775,0.36104783,0.66849995,0.2808398,0.50262815,1.0
296,3536,0.05203983,0.8,-0.6,13.160474,0.27145025,0.0030212295,0.2921073,0.5025429,0.0
12105,7587,0.037566602,0.8320503,-0.5547002,26.189697,0.333713,0.9493617,0.28421968,0.50259566,0.0
8429,2485,0.010430277,-1.0,-1.8369701e-16,83.55481,0.0060744113,0.95724964,0.29705733,0.5025771,0.0
8210,2796,0.1240155,-0.08304548,-0.99654573,82.53114,0.017843584,0.7133507,0.28446135,0.50262874,0.0
10441,5407,0.023314469,0.4472136,0.8944272,67.13531,0.36104783,0.6687397,0.2904925,0.5026276,1.0
6455,2902,0.15951633,0.6401844,0.76822126,60.81988,0.19855733,0.9730755,0.2814193,0.502558,1.0
8962,4841,0.08102993,0.6401844,0.76822126,61.878654,0.2896735,0.8755155,0.28532478,0.5026525,1.0
12590,3564,0.032956913,-0.9486833,0.31622776,88.978676,0.020121489,0.15633333,0.28813297,0.50254345,0.0
5654,1563,0.020854957,1.2246469e-16,-1.0,79.93093,0.0022779044,0.9931998,0.28266856,0.50258523,1.0
4008,2503,0.023314469,0.4472136,0.8944272,43.276115,0.20159453,0.7307722,0.2753998,0.5025243,1.0
10673,2889,0.037566602,0.8320503,-0.5547002,85.74831,0.011769173,0.716555,0.28546187,0.5025574,0.0
4421,611,0.31272945,-0.45942292,-0.8882176,84.51193,0.08466211,0.78301966,0.28238562,0.50263107,1.0
2247,3532,0.069694914,-0.8944272,0.4472136,15.963212,0.25550494,0.11977543,0.28528,0.50254637,0.0
9024,3607,0.046566565,-0.8944272,-0.4472136,77.26453,0.03682612,0.7749041,0.28170073,0.5026085,1.0
12863,6136,0.1336089,0.9230769,0.3846154,67.633354,0.43470007,0.88455606,0.28538388,0.5025406,1.0
10528,9741,0.032956913,0.9486833,-0.31622776,25.77468,0.29536825,0.00093865726,0.28353575,0.50258464,0.0
6731,2461,0.16594434,0.6757246,-0.7371541,75.26071,0.24449506,0.53448033,0.27900586,0.5025504,0.0
11997,5995,0.25016603,-0.9486833,-0.31622776,62.8246,0.20994686,0.47641116,0.28047743,0.5025075,1.0
11356,6097,0.15982935,0.4472136,0.8944272,47.730003,0.3257403,0.64227897,0.28413692,0.5025736,1.0
5531,1701,0.05883972,0.70710677,-0.70710677,78.971634,0.016704632,0.88601065,0.27950937,0.5026334,0.0
10053,4850,0.031268463,0.0,1.0,74.18981,0.29688686,0.87228566,0.28782678,0.5025951,1.0
5164,3633,0.046566565,0.8944272,-0.4472136,33.842945,0.21374336,0.8391862,0.28274694,0.50257593,0.0
10461,5420,0.05203983,0.8,0.6,67.788574,0.36560366,0.69747716,0.28631058,0.5025307,1.0
12863,6135,0.08361496,0.99227786,0.12403473,67.59601,0.43659833,0.88724566,0.2872792,0.5025429,1.0
7185,6185,0.037566602,-0.5547002,0.8320503,24.871502,0.22209567,0.12665512,0.28234655,0.50259453,0.0
14093,6399,0.2669322,0.955779,-0.29408586,67.813126,0.17767654,0.43735456,0.28267947,0.5025568,1.0
6424,1878,0.04294373,-0.9701425,0.24253562,83.40123,0.028094154,0.941372,0.2803334,0.5025475,0.0
16995,10637,0.05203983,-1.0,-1.8369701e-16,0.0,0.11617312,0.0039665005,0.285719,0.50259393,0.0
3775,6379,0.023314469,-0.8944272,-0.4472136,16.477242,0.20083523,0.0006547219,0.28105673,0.5026009,0.0
7661,9894,0.0,-1.0,-1.8369701e-16,13.763054,0.23234624,1.039166e-05,0.64174473,0.50256205,0.0
3979,2553,0.079033196,-0.91914505,0.3939193,41.754074,0.19931664,0.8051538,0.28547448,0.50261486,1.0
11344,6124,0.13775817,-0.8944272,-0.4472136,48.094345,0.32536066,0.5883839,0.2827768,0.5025551,1.0
9683,4689,0.24480613,-0.5263546,0.85026515,73.80273,0.35117692,0.48708826,0.2821148,0.5024611,0.0
5039,1458,0.11534551,0.8944272,0.4472136,74.37529,0.014806378,0.98370135,0.28143123,0.5025493,1.0
8916,6257,0.24910721,-0.9928768,0.11914522,42.81107,0.5778284,0.612508,0.28187603,0.50263685,1.0
7496,5343,0.032956913,0.31622776,-0.9486833,28.468616,0.24563402,0.94944686,0.28501153,0.50256956,0.0
8013,3530,0.08297659,0.0,1.0,71.842834,0.28170085,0.88200474,0.28448844,0.50255334,1.0
12790,3942,0.06063982,0.51449573,0.8574929,87.12509,0.044798784,0.17191994,0.28241566,0.5025632,0.0
670,3806,0.023314469,0.8944272,0.4472136,14.892718,0.24411541,0.0029401446,0.28351718,0.50258875,0.0
4193,2340,0.31751034,-0.6919054,0.7219882,49.58415,0.039863326,0.8985461,0.27995914,0.5026363,1.0
17203,9448,0.21878092,-0.27472112,-0.96152395,0.0,0.52201974,0.0115377745,0.28275728,0.5024698,0.0
10473,4778,0.111671165,0.8320503,-0.5547002,78.909225,0.13895217,0.48933592,0.28598562,0.50250286,1.0
10342,8418,0.01474932,0.70710677,-0.70710677,20.921783,0.34092635,0.025916897,0.28893122,0.50258005,0.0
14201,6416,0.23720078,-0.54498833,-0.83844364,67.52651,0.10136674,0.3251478,0.28294975,0.5026038,0.0
5843,90,0.0,-1.0,-1.8369701e-16,0.0,0.0,0.045656774,0.6110364,0.50258005,0.0
6392,2879,0.041665252,1.0,6.123234e-17,62.088665,0.19703873,0.901086,0.28652114,0.5026276,1.0
17688,10382,0.25638753,0.9230769,-0.3846154,0.0,0.2558846,0.0011727298,0.28118148,0.50260615,0.0
576,1873,0.06654887,-0.7808688,0.62469506,30.799574,0.28625664,0.25662035,0.27769268,0.502558,0.0
16976,10045,0.29960126,-0.9662349,0.25766265,0.0,0.681473,0.0128981285,0.28005707,0.50260264,0.0
14170,6212,0.17743166,0.97341716,-0.22903933,66.86586,0.041002277,0.26195475,0.28275,0.50261366,1.0
12646,6075,0.19188792,-0.9486833,0.31622776,61.21336,0.36180714,0.6442953,0.28014278,0.50264966,1.0
10519,10095,0.029482823,-0.70710677,0.70710677,24.870962,0.29347,0.00034827262,0.28555974,0.50258464,0.0
9381,4493,0.117578685,-0.9647638,-0.2631174,68.18333,0.24715263,0.93658143,0.28244793,0.5026676,1.0
8873,5531,0.092640094,0.8944272,-0.4472136,48.63545,0.26006076,0.9491072,0.28578392,0.5025928,0.0
11267,8857,0.029482823,0.70710677,0.70710677,24.779123,0.33333334,0.0280759,0.2853115,0.5025818,0.0
6056,3187,0.04294373,0.9701425,-0.24253562,52.427017,0.22437358,0.93765634,0.2803334,0.50258875,1.0
3191,1882,0.09817346,0.9486833,-0.31622776,48.401894,0.19400153,0.6737653,0.28598684,0.50263685,1.0
6610,6988,0.020854957,0.0,1.0,14.549328,0.23234624,0.006380676,0.28266856,0.5026259,0.0
1742,6884,0.0,-1.0,-1.8369701e-16,13.089258,0.23614275,9.540006e-06,0.6110364,0.5025905,0.0
11914,5983,0.35033268,0.5608481,-0.8279187,61.505527,0.3113136,0.45813224,0.28466824,0.5025864,1.0
5655,1563,0.01474932,0.70710677,0.70710677,79.93088,0.0018982536,0.9903967,0.30079615,0.50261486,1.0
5767,2455,0.1240155,-0.08304548,-0.99654573,67.47387,0.20842825,0.832333,0.28307664,0.50252086,1.0
10970,10114,0.029482823,0.70710677,-0.70710677,25.711258,0.27866364,0.00064209505,0.28555974,0.50257134,0.0
7060,5058,0.0,-1.0,-1.8369701e-16,31.425018,0.25132877,0.9740914,0.64174473,0.50257945,1.0
4327,5345,0.031268463,0.0,1.0,17.519121,0.2156416,0.023382597,0.28249198,0.5025644,0.0
5944,2784,0.06324172,0.9863939,-0.16439898,61.488876,0.20083523,0.83250207,0.28053764,0.5024727,1.0
16818,7583,0.3278612,-0.37637705,-0.9264666,0.0,0.34092635,0.0024763346,0.28270057,0.50260264,0.0
12505,4961,0.07343238,-0.98994946,0.14142136,85.321724,0.038724374,0.96404415,0.27907467,0.5025986,1.0
13336,7458,0.020854957,1.0,6.123234e-17,31.704926,0.33485195,0.9522578,0.28646412,0.5025829,0.0
11355,3835,0.05203983,-0.8,-0.6,88.83232,0.011389522,0.84271216,0.2838098,0.50258005,0.0
12748,7937,0.023314469,0.4472136,0.8944272,23.575863,0.3196659,0.92427063,0.2904925,0.50258815,0.0
9032,3888,0.046566565,0.8944272,0.4472136,74.64997,0.24905087,0.37287125,0.28274694,0.5025858,1.0
12831,5851,0.28254497,-0.999406,-0.034462277,75.02479,0.22892939,0.5841969,0.28128612,0.5025632,1.0
8101,9552,0.06324172,-0.9863939,0.16439898,14.661627,0.2425968,4.8014972e-05,0.2826546,0.5025835,0.0
12613,6208,0.08361496,0.49613893,-0.86824316,67.25981,0.3473804,0.7344889,0.27670845,0.5027198,1.0
5114,2019,0.07558321,-0.96152395,-0.27472112,70.51892,0.16135156,0.34434837,0.2849471,0.5024959,1.0
13905,6380,0.07558321,0.96152395,0.27472112,67.92401,0.33523157,0.65420395,0.28353703,0.50261253,1.0
6164,1734,0.023314469,0.4472136,0.8944272,87.69096,0.006454062,0.8291419,0.27296898,0.50259393,1.0
1359,5716,0.023314469,-0.8944272,-0.4472136,14.688442,0.22741078,0.00011532195,0.28605303,0.50256205,0.0
568,5887,0.01474932,0.70710677,-0.70710677,14.268584,0.20615034,1.7752414e-05,0.2880317,0.50259453,0.0
11301,3714,0.0,-1.0,-1.8369701e-16,88.48849,0.0034168565,1.0,0.6110364,0.50258005,1.0
12917,8342,0.037566602,-0.5547002,0.8320503,25.427448,0.30789673,0.9102787,0.2806416,0.50256956,0.0
4816,3080,0.046566565,-0.4472136,-0.8944272,40.732998,0.22437358,0.91326606,0.27979892,0.50262934,0.0
5146,1589,0.029482823,0.70710677,0.70710677,76.048164,0.03644647,0.6404302,0.28106096,0.5026015,1.0
5945,2784,0.092640094,0.4472136,-0.8944272,61.48884,0.19969627,0.8323541,0.2802247,0.5024901,1.0
1521,6685,0.037566602,0.5547002,-0.8320503,13.90412,0.2372817,1.152516e-05,0.2806416,0.5025725,0.0
10584,5135,0.2064729,-0.73105526,-0.6823183,74.73944,0.09491268,0.5906641,0.28335565,0.50251734,1.0
9459,6128,0.3277468,0.17378533,0.98478353,35.82969,0.71829915,0.6950061,0.2821601,0.50239724,1.0
3377,5022,0.04294373,-0.24253562,-0.9701425,16.888191,0.24373576,0.01460331,0.28302798,0.5025748,0.0
7470,2333,0.020854957,1.2246469e-16,-1.0,84.538925,0.017843584,0.55309266,0.27290747,0.502569,1.0
2472,4427,0.041665252,1.2246469e-16,-1.0,15.361274,0.22968869,0.019690081,0.28011197,0.5025591,0.0
3479,1493,0.08854881,-0.35112345,0.9363292,56.863125,0.20387244,0.47722647,0.27947897,0.502645,1.0
13906,6381,0.032956913,0.9486833,0.31622776,67.92192,0.33485195,0.6532588,0.27811515,0.5026073,1.0
4155,2702,0.43189523,0.8944272,-0.4472136,44.780594,0.15983295,0.9452866,0.28278005,0.50238216,1.0
8332,10606,0.01474932,0.70710677,0.70710677,13.802921,0.2566439,4.0668833e-06,0.2947435,0.50259334,0.0
11997,5996,0.22151025,-0.9486833,-0.31622776,62.76681,0.21412301,0.4749714,0.2817572,0.5024715,1.0
5974,2357,0.09763509,-0.8479983,-0.52999896,72.5055,0.18299165,0.8228652,0.28017202,0.50262994,0.0
5632,4624,0.023314469,-0.8944272,0.4472136,23.938494,0.2425968,0.9134068,0.28605303,0.5025905,0.0
11754,6266,0.046566565,0.4472136,-0.8944272,57.901585,0.3504176,0.6047024,0.2839436,0.5025493,0.0
8215,3966,0.19313613,0.99450547,-0.104684785,65.36954,0.2574032,0.78720486,0.2836976,0.5025168,0.0
11430,9542,0.020854957,0.0,1.0,25.657858,0.34510252,0.0056912987,0.27290747,0.5025864,0.0
9389,6225,0.18070734,-0.78631836,0.6178216,38.9729,0.6226272,0.80722713,0.28235874,0.5026363,1.0
16899,9590,0.08914541,0.5812382,-0.81373346,0.0,0.78246015,0.027029855,0.28223625,0.5024976,0.0
6337,2335,0.15375452,-0.06651901,-0.99778515,75.89916,0.018982535,0.8526462,0.28405458,0.5025243,1.0
6898,5934,0.041665252,0.0,1.0,21.340479,0.22133636,0.16552226,0.282433,0.50254464,0.0
3979,2552,0.06324172,-0.9863939,0.16439898,41.779964,0.19817768,0.8055522,0.28491163,0.502598,1.0
2827,1844,0.0,-1.0,-1.8369701e-16,45.565025,0.2072893,1.0,0.6110364,0.50258005,0.0
13049,6162,0.13399206,0.8436615,-0.5368755,71.53203,0.35459378,0.79686797,0.27976766,0.502515,1.0
3191,1881,0.13701425,0.9743912,-0.2248595,48.409466,0.19589977,0.67405945,0.281737,0.50263107,1.0
9387,6610,0.023314469,0.8944272,0.4472136,29.372425,0.35193622,0.6681679,0.2901902,0.5025458,0.0
2880,5846,0.05203983,0.8,-0.6,17.146214,0.25056946,0.0007912411,0.28406054,0.50261426,0.0
5516,5640,0.023314469,0.8944272,0.4472136,18.042213,0.20766895,0.054091316,0.2848339,0.5025632,0.0
7568,3779,0.031268463,0.0,1.0,62.066093,0.21716021,0.9742648,0.28857142,0.5026003,1.0
2669,3351,0.06654887,0.62469506,0.7808688,20.974678,0.23272589,0.40943012,0.28180522,0.50261074,0.0
9025,3609,0.020854957,1.2246469e-16,-1.0,77.28412,0.03720577,0.7696584,0.29179123,0.5025777,1.0
4747,3022,0.01474932,0.70710677,0.70710677,39.682877,0.21070614,0.82139945,0.29534283,0.5025719,0.0
12577,4382,0.2885996,-0.6726728,0.73994005,88.62273,0.0755505,0.6809292,0.28051844,0.50251853,0.0
4931,1267,0.023314469,0.4472136,-0.8944272,74.98389,0.006454062,0.699717,0.2793806,0.5025591,1.0
12837,5864,0.13089152,-0.70710677,-0.70710677,74.701096,0.24069856,0.6044563,0.28398737,0.50264907,1.0
12870,169,0.0,-1.0,-1.8369701e-16,0.0,0.0,3.7042013e-05,0.6110364,0.50258005,0.0
12614,5452,0.17743166,-0.22903933,-0.97341716,81.57952,0.11351556,0.40495062,0.281886,0.50252837,1.0
9746,7667,0.22109328,0.090535745,-0.9958932,17.434208,0.34624144,0.08295106,0.28305462,0.50253826,0.0
2288,180,0.23720078,0.54498833,0.83844364,0.0,0.043659832,0.04594426,0.282115,0.50256264,0.0
9062,3847,0.5042708,-0.8245134,-0.5658425,75.92802,0.19779803,0.43220484,0.28218552,0.5026566,1.0
6455,2901,0.14565924,0.6332378,0.7739573,60.85003,0.20045558,0.9742648,0.28044,0.502533,1.0
4901,1384,0.22046585,-0.04540766,-0.99896854,73.40935,0.09946849,0.6479109,0.28272736,0.50262874,0.0
4154,2700,0.21186255,0.9954955,0.09480909,44.75753,0.17312072,0.9491072,0.2817964,0.50240016,1.0
13027,228,0.0,-1.0,-1.8369701e-16,0.0,0.0,3.507144e-05,0.6110364,0.50258005,0.0
10043,4448,0.12525932,0.9863939,0.16439898,78.95997,0.32004556,0.8610104,0.27929714,0.5025864,1.0
3081,6910,0.0,-1.0,-1.8369701e-16,13.548129,0.19020501,5.8996247e-05,0.6578094,0.5026003,0.0
6114,4312,0.01474932,-0.70710677,-0.70710677,26.442642,0.25284737,0.86831874,0.2947435,0.5025829,0.0
12874,6055,0.22643395,-0.7498379,0.66162163,67.01681,0.4312832,0.9313008,0.28159967,0.5026189,1.0
8886,6422,0.06063982,-0.8574929,-0.51449573,40.32517,0.3466211,0.4334345,0.28622538,0.502591,0.0
13010,6557,0.031268463,-1.0,-1.8369701e-16,63.48765,0.35383448,0.9675316,0.2851493,0.5026241,1.0
10405,4825,0.11534551,-0.17888544,-0.9838699,78.86429,0.14616553,0.5502127,0.2852,0.5025127,1.0
9514,2651,0.01474932,0.70710677,0.70710677,88.15486,0.01063022,0.9169152,0.2947435,0.5026015,0.0
13380,7288,0.010430277,-1.0,-1.8369701e-16,39.499046,0.33485195,0.94919187,0.28374562,0.50258696,0.0
11455,9696,0.010430277,-1.0,-1.8369701e-16,25.13557,0.30827639,0.003920363,0.26476792,0.50257826,0.0
10366,5744,0.07343238,-0.70710677,-0.70710677,46.52441,0.3621868,0.75752056,0.2836132,0.5026073,1.0
9678,7140,0.023314469,0.8944272,0.4472136,18.649485,0.3151101,0.316574,0.28790396,0.50257945,0.0
8916,6256,0.18910553,-0.9635179,0.26764387,42.811142,0.57365227,0.6142081,0.2823748,0.5026665,1.0
8792,6330,0.06063982,-0.8574929,0.51449573,39.661095,0.32384208,0.5686085,0.27677324,0.5025585,0.0
13906,6382,0.020854957,1.0,6.123234e-17,67.92191,0.3344723,0.6550456,0.277708,0.50259686,1.0
10109,7861,0.023314469,-0.4472136,0.8944272,16.986725,0.34434322,0.08400392,0.2904925,0.50257015,0.0
1832,3031,0.10639416,0.87415725,-0.48564294,20.72896,0.2425968,0.18066603,0.28168833,0.5026189,0.0
9039,3883,0.020854957,1.2246469e-16,-1.0,74.78543,0.2501898,0.3809749,0.28266856,0.50257075,1.0
10006,4678,0.15473218,-0.9912279,-0.13216372,75.26024,0.35763097,0.8628742,0.28010207,0.5025736,1.0
5730,2516,0.12891136,0.47885212,0.8778956,64.44164,0.2126044,0.7752298,0.27986166,0.502446,1.0
15847,10455,0.06654887,0.62469506,-0.7808688,0.0,0.32953683,0.03879731,0.2754426,0.50253475,0.0
8203,3678,0.05203983,-0.8,-0.6,73.74792,0.2312073,0.8196037,0.28165862,0.5025638,1.0
13384,5134,0.16353069,-0.9980526,-0.062378287,84.00235,0.10250569,0.098862834,0.28283298,0.5024779,0.0
12760,5138,0.29155266,0.9307515,0.36565238,86.63147,0.17653759,0.66194314,0.28148958,0.502493,1.0
4172,2382,0.18833777,0.59136367,0.806405,48.565086,0.054290053,0.83569175,0.2814094,0.5026607,1.0
9463,4328,0.07343238,0.70710677,-0.70710677,69.02191,0.25170842,0.9740914,0.2853666,0.50257653,1.0
4216,2328,0.07270078,-1.0,-1.8369701e-16,50.142,0.031131359,0.9621365,0.28478447,0.5026073,1.0
10176,9674,0.044184793,-0.70710677,-0.70710677,24.035545,0.30106303,0.00068413914,0.28149962,0.5025858,0.0
3948,5919,0.01474932,0.70710677,-0.70710677,15.998794,0.19893698,0.002898855,0.27971083,0.50255394,0.0
7911,2520,0.04294373,-0.24253562,0.9701425,84.11725,0.013667426,0.5837875,0.28367096,0.5025649,0.0
8993,3641,0.08361496,0.99227786,-0.12403473,77.79892,0.034168564,0.7105022,0.28374654,0.5026357,1.0
10627,7985,0.01474932,-0.70710677,-0.70710677,18.424576,0.35459378,0.124475025,0.28120357,0.5025992,0.0
13929,6282,0.14669926,0.20952909,0.9778024,67.87455,0.3428246,0.5361435,0.27977365,0.50257075,1.0
12721,6232,0.08914541,0.5812382,0.81373346,69.51196,0.44950646,0.9129854,0.28451967,0.5025893,1.0
9760,8556,0.01474932,-0.70710677,0.70710677,18.277245,0.32270312,0.00782784,0.27971083,0.50260323,0.0
6322,4444,0.07270078,0.0,1.0,31.636923,0.25322703,0.9176074,0.28366888,0.50259686,0.0
5043,4172,0.029482823,0.70710677,0.70710677,22.840754,0.21146545,0.9581785,0.28138077,0.5025806,0.0
4966,1307,0.15634586,-0.9805807,0.19611613,75.48382,0.024677297,0.75492483,0.2818098,0.5026015,1.0
12875,6054,0.2546814,-0.5812382,0.81373346,67.08629,0.4312832,0.9274032,0.28167284,0.5025823,1.0
6453,2488,0.09763509,-0.8479983,-0.52999896,69.747314,0.039483674,0.775741,0.28234145,0.50262815,1.0
6737,2650,0.117578685,0.9647638,-0.2631174,71.450676,0.23006834,0.93123996,0.28067258,0.50252664,0.0
11913,5984,0.3745629,0.41750017,-0.90867686,61.427696,0.3151101,0.456261,0.28386417,0.502533,1.0
11728,9403,0.05203983,-0.8,0.6,24.410357,0.37737283,0.012698137,0.28127202,0.5025736,0.0
9850,5800,0.01474932,-0.70710677,-0.70710677,38.266632,0.37851176,0.71834564,0.27971083,0.502569,1.0
5112,2020,0.12359782,0.0,1.0,70.44344,0.1594533,0.34594506,0.28379008,0.5025243,1.0
1707,71,0.06324172,-0.9863939,-0.16439898,0.0,0.0034168565,0.014569591,0.28216502,0.50259626,0.0
12682,6065,0.32358,0.88235295,0.47058824,62.26551,0.36712223,0.70441115,0.28241283,0.50262874,1.0
8282,9183,0.1836476,-0.9938837,-0.11043153,15.647289,0.2965072,0.00016737165,0.28188255,0.5024924,0.0
12629,9830,0.037566602,0.5547002,-0.8320503,21.526846,0.28246012,0.014234828,0.2778252,0.5025922,0.0
8575,9184,0.032956913,0.9486833,-0.31622776,15.598929,0.2725892,0.0002654748,0.27811515,0.50259393,0.0
6125,3257,0.08361496,0.49613893,-0.86824316,50.723553,0.21716021,0.8356051,0.28157356,0.50257945,1.0
6335,2334,0.06324172,0.16439898,-0.9863939,75.96998,0.022019742,0.84721917,0.2885624,0.50260323,1.0
12130,6382,0.08854881,-0.9363292,-0.35112345,63.782253,0.46013668,0.80598646,0.2750198,0.50252783,1.0
2784,4109,0.037566602,-0.5547002,0.8320503,15.068995,0.22892939,0.07160063,0.27384695,0.5025597,0.0
5729,2515,0.23023154,-0.086629614,0.9962406,64.446556,0.2103265,0.7734816,0.2812162,0.50245994,1.0
5115,2020,0.13010348,-0.9486833,-0.31622776,70.52935,0.1624905,0.34299707,0.28178322,0.5024982,1.0
5560,7001,0.023314469,-0.4472136,0.8944272,11.83671,0.22475323,0.0014434862,0.28105673,0.50257015,0.0
6310,2410,0.14565924,-0.6332378,-0.7739573,73.712654,0.038344722,0.9722585,0.28296822,0.502645,1.0
5063,2520,0.046566565,-0.4472136,-0.8944272,54.599472,0.24145786,0.6199751,0.28170073,0.5025371,0.0
4480,4577,0.037566602,0.5547002,-0.8320503,21.022175,0.20349279,0.22977258,0.2814208,0.50257075,0.0
10461,5419,0.06063982,0.51449573,0.8574929,67.78683,0.36636296,0.69535327,0.28241566,0.50251156,1.0
10658,5100,0.04294373,-0.24253562,0.9701425,75.1657,0.059984814,0.6933768,0.28302798,0.5025719,1.0
17124,8441,0.032956913,0.31622776,0.9486833,0.0,0.025816249,0.0067770453,0.28599134,0.5026073,0.0
4061,2201,0.15982935,-0.8944272,0.4472136,51.300747,0.14123006,0.56291574,0.2845874,0.5025644,1.0
11047,5314,0.27779156,0.31622776,0.9486833,73.30615,0.15186028,0.48873433,0.2801273,0.50250864,1.0
945,5362,0.020854957,1.0,6.123234e-17,12.713906,0.21146545,0.000127039,0.28646412,0.502558,0.0
13816,6461,0.11534551,0.9838699,-0.17888544,64.80896,0.3466211,0.85067064,0.28460032,0.50257826,1.0
10055,4850,0.102372095,0.70710677,0.70710677,74.17211,0.29878512,0.8743266,0.28071356,0.50258464,1.0
8409,6370,0.18833777,0.806405,0.59136367,33.21879,0.28701594,0.40213487,0.2813216,0.50257015,1.0
13082,5451,0.07487338,0.5547002,-0.8320503,85.84035,0.34168565,0.19065554,0.28005835,0.5025841,1.0
3981,2553,0.12359782,-1.0,-1.8369701e-16,41.769924,0.20083523,0.8003232,0.28014722,0.5025504,1.0
10584,5134,0.26773018,-0.87929195,-0.47628316,74.77208,0.09073652,0.5919478,0.2814327,0.50254697,1.0
11341,8096,0.08914541,0.5812382,-0.81373346,22.83796,0.3321944,0.2526178,0.28050306,0.5025597,0.0
5380,3894,0.0,-1.0,-1.8369701e-16,31.94369,0.21867882,0.9931998,0.6493136,0.5025771,0.0
6506,5484,0.053065702,0.9805807,-0.19611613,20.90997,0.23993926,0.3242822,0.28068626,0.50259334,0.0
3609,3551,0.01474932,-0.70710677,-0.70710677,22.622313,0.20539103,0.91082156,0.29136205,0.5025644,0.0
9031,3887,0.05602868,0.9284767,0.37139067,74.69659,0.24943052,0.3735518,0.28394166,0.50258696,1.0
11262,6273,0.06063982,0.8574929,-0.51449573,49.05177,0.36560366,0.8687778,0.28500938,0.5025162,1.0
10475,4779,0.16594434,0.6757246,-0.7371541,78.89703,0.1324981,0.4906888,0.28054634,0.50257826,1.0
5039,1457,0.069694914,0.8944272,0.4472136,74.39085,0.016704632,0.98456067,0.28191936,0.5025063,1.0
9680,5251,0.32369703,-0.99956775,0.029399052,61.149136,0.33409265,0.85008436,0.28218457,0.5024814,1.0
15456,10444,0.023314469,0.4472136,-0.8944272,17.759369,0.324981,0.055900976,0.28790396,0.5025649,0.0
5909,5783,0.01474932,0.70710677,-0.70710677,19.547697,0.20387244,0.06315181,0.27971083,0.5025835,0.0
11494,7350,0.032956913,-0.9486833,0.31622776,28.785934,0.33257404,0.9770283,0.2837547,0.50257653,0.0
4153,2702,0.4227254,0.94221467,0.33500966,44.74758,0.16135156,0.95091856,0.2819574,0.5024135,1.0
1800,1147,0.14669926,-0.9778024,0.20952909,52.067158,0.23196658,0.36022323,0.2787518,0.50259686,0.0
3952,3051,0.031268463,1.2246469e-16,-1.0,32.621067,0.18033409,0.8442812,0.2793289,0.5025864,1.0
4811,2072,0.13812844,0.7432941,0.66896474,62.95488,0.20463175,0.5955163,0.28388852,0.5025394,0.0
4884,1847,0.14248706,0.8637789,0.503871,68.66312,0.07630979,0.78100586,0.28381512,0.5025081,1.0
4154,2702,0.38506648,0.9954955,-0.09480909,44.764088,0.16211087,0.9481027,0.28349596,0.50235087,1.0
4886,1845,0.09377447,0.11043153,0.9938837,68.73131,0.08276386,0.7762539,0.28122386,0.5024779,1.0
9302,5667,0.085500166,0.9701425,-0.24253562,45.479584,0.39179954,0.766353,0.2819761,0.5026259,0.0
6454,2488,0.05602868,-0.9284767,-0.37139067,69.72828,0.038724374,0.7733835,0.2867167,0.5026305,1.0
6310,2408,0.11352448,1.2246469e-16,-1.0,73.77716,0.03682612,0.9703932,0.28317884,0.5026166,1.0
12685,5666,0.15634586,-0.19611613,-0.9805807,77.87539,0.122627184,0.32069346,0.28207153,0.50266296,1.0
5069,1349,0.09377447,-0.11043153,-0.9938837,76.41225,0.0049354592,0.99391556,0.28122386,0.50257885,1.0
12874,6053,0.17323099,-0.6459423,0.7633863,67.114174,0.4244495,0.92638004,0.28157827,0.5027367,1.0
2792,627,0.12567092,-0.8192319,-0.57346237,64.12624,0.013287775,0.32200086,0.28074,0.50256264,0.0
12826,6493,0.117578685,-0.78935224,0.6139406,64.6337,0.39331815,0.9050447,0.27982068,0.5025893,1.0
13568,9809,0.044184793,-0.70710677,0.70710677,18.618088,0.2741078,0.05634816,0.27855062,0.50256205,0.0
10518,5130,0.21119861,0.90373784,0.42808634,74.47037,0.17653759,0.6776172,0.28222352,0.5025342,0.0
8408,6370,0.18070734,0.6178216,0.78631836,33.208897,0.28473803,0.401755,0.28156018,0.5025754,1.0
4194,2341,0.27088675,-0.65079135,0.7592566,49.579163,0.048215643,0.90140885,0.2843406,0.5025562,1.0
9340,6232,0.18679056,-0.97618705,-0.21693046,39.249184,0.5930144,0.8687778,0.2817074,0.5027001,1.0
6310,2407,0.1139827,0.090535745,-0.9958932,73.81221,0.03720577,0.96907115,0.28156996,0.50260437,1.0
5768,2457,0.19609126,-0.20601048,-0.9785498,67.436424,0.20501138,0.8376578,0.28174827,0.5025806,1.0
12647,6075,0.24480613,-0.85026515,0.5263546,61.21613,0.36408505,0.6452187,0.2804981,0.5025661,1.0
6242,3015,0.032956913,-0.31622776,-0.9486833,55.94646,0.21867882,0.99140614,0.2882997,0.50257885,0.0
17890,9119,0.18496518,-0.16439898,-0.9863939,0.0,0.21753986,0.0013985977,0.28269228,0.5025562,0.0
10414,3267,0.07558321,0.96152395,0.27472112,87.21387,0.008352316,0.84702903,0.28353703,0.5025725,0.0
10703,5029,0.023314469,0.4472136,-0.8944272,76.37235,0.044419136,0.72968,0.2848339,0.5025928,1.0
12130,6384,0.10389993,0.09950372,0.9950372,63.78229,0.46127564,0.80801904,0.27993554,0.50252026,1.0
16550,7476,0.20738384,-0.776114,0.63059264,0.0,0.261959,0.0051910225,0.27782685,0.5025632,0.0
10947,3320,0.06654887,-0.62469506,0.7808688,88.49125,0.019741837,0.8127568,0.28369507,0.50263166,0.0
7061,5058,0.010430277,1.0,6.123234e-17,31.441975,0.25170842,0.97569805,0.2723368,0.5025777,1.0
8773,4442,0.15634586,-0.19611613,0.9805807,62.107662,0.24221715,0.9112313,0.28042763,0.5025829,0.0
11081,7761,0.05203983,-0.6,0.8,19.812796,0.36028853,0.43616888,0.27695248,0.5025771,0.0
11633,6456,0.06324172,-0.16439898,0.9863939,52.719368,0.35876992,0.91082156,0.28094262,0.5026276,1.0
538,1783,0.023314469,0.4472136,-0.8944272,29.757687,0.29309034,0.27016303,0.2904925,0.502598,0.0
8396,4135,0.14773092,0.5547002,-0.8320503,59.863396,0.25170842,0.90589374,0.28442854,0.5025742,0.0
10462,5419,0.041665252,1.0,6.123234e-17,67.819046,0.36712223,0.6952731,0.28834808,0.5025168,1.0
9033,3887,0.05203983,1.0,6.123234e-17,74.680565,0.2501898,0.37433055,0.2805735,0.5025644,1.0
2520,2180,0.11534551,0.8944272,-0.4472136,39.74822,0.18223235,0.82762605,0.281748,0.50258696,0.0
10658,10032,0.023314469,-0.8944272,-0.4472136,26.12727,0.285877,0.00049955497,0.2793806,0.5025905,0.0
8993,3642,0.032956913,0.9486833,-0.31622776,77.812775,0.033029612,0.7083375,0.28673598,0.5026259,1.0
12645,6075,0.1112026,-0.9284767,-0.37139067,61.21059,0.36180714,0.64336264,0.2851668,0.50265604,1.0
12684,6065,0.2669322,0.8087361,0.5881717,62.310776,0.372817,0.7084619,0.28291404,0.50264674,1.0
14380,6499,0.08361496,0.99227786,-0.12403473,62.729954,0.49012908,0.27249894,0.28458664,0.5024715,0.0
12826,6494,0.103393346,-0.6,0.8,64.56777,0.39483675,0.90757537,0.28097764,0.50257945,1.0
12687,5665,0.07343238,0.14142136,-0.98994946,77.94348,0.11883067,0.32031184,0.28831708,0.5026572,1.0
4769,1208,0.0,-1.0,-1.8369701e-16,73.1346,0.009111618,0.7727542,0.66072243,0.50258005,1.0
12782,6099,0.079033196,-0.91914505,-0.3939193,64.567894,0.41116172,0.7992399,0.2833766,0.5025649,1.0
7059,5058,0.020854957,1.2246469e-16,-1.0,31.408062,0.25170842,0.9722585,0.26598483,0.5025771,1.0
10405,4826,0.1613837,0.56921,-0.8221922,78.847786,0.14578588,0.5518183,0.28290728,0.50244945,1.0
8832,8716,0.031268463,0.0,1.0,14.637362,0.28359908,0.0013539332,0.28249198,0.5025725,0.0
11685,4745,0.13513428,-0.9883717,0.15205719,79.736374,0.04328018,0.77681136,0.2828429,0.50257075,0.0
401,6956,0.023314469,-0.8944272,0.4472136,13.782542,0.25398633,9.730416e-07,0.28105673,0.5025644,0.0
9679,5251,0.3592217,-0.9320047,0.36244625,61.132156,0.3329537,0.8524223,0.2821345,0.5024611,1.0
10005,4676,0.17548648,-0.98478353,0.17378533,75.266975,0.35345483,0.85825837,0.2818685,0.5025226,1.0
9239,3178,0.092640094,-0.4472136,0.8944272,82.1049,0.011009871,0.63731664,0.2820292,0.5025551,0.0
14067,10358,0.20018388,0.7556891,0.65493053,18.940794,0.27524677,0.026286023,0.2833236,0.50261194,0.0
15167,8750,0.020854957,-1.0,-1.8369701e-16,27.339586,0.30372056,0.68438417,0.28266856,0.5026038,0.0
4386,2387,0.20919028,-0.5766832,-0.81696784,50.794334,0.20007592,0.6656462,0.28334868,0.5025864,1.0
11195,6050,0.109783925,-0.6585046,-0.7525767,45.11966,0.35990888,0.5094874,0.28428242,0.50259334,1.0
3981,2552,0.1139827,-0.9958932,-0.090535745,41.79581,0.19817768,0.8007085,0.27890772,0.5025899,1.0
10234,5253,0.12891136,0.47885212,-0.8778956,63.628914,0.45634016,0.72471666,0.27958128,0.5026537,0.0
255,5517,0.0,-1.0,-1.8369701e-16,13.242051,0.22171602,2.388979e-05,0.6578094,0.5025585,0.0
909,6491,0.01474932,0.70710677,-0.70710677,13.760851,0.21678056,7.5215326e-06,0.27971083,0.502569,0.0
6125,3258,0.07487338,0.5547002,-0.8320503,50.67494,0.2164009,0.83515096,0.28189206,0.50257653,1.0
3226,3407,0.044184793,-0.70710677,0.70710677,22.619577,0.19172361,0.7534189,0.27855062,0.5025997,1.0
10210,9288,0.023314469,0.8944272,-0.4472136,23.650599,0.30523917,0.0020441231,0.28351718,0.50257945,0.0
5766,2456,0.07343238,-0.14142136,-0.98994946,67.41099,0.2103265,0.8321642,0.27945346,0.5025075,1.0
12105,6171,0.14669926,-0.9778024,-0.20952909,61.556946,0.40015185,0.45659426,0.28797615,0.5026079,1.0
5499,1510,0.01474932,0.70710677,-0.70710677,79.93875,0.0011389522,0.9818575,0.30079615,0.5025823,1.0
10037,10244,0.023314469,0.8944272,-0.4472136,24.03402,0.29612756,0.00012020409,0.28790396,0.50260615,0.0
4929,1267,0.01474932,-0.70710677,-0.70710677,74.943375,0.006833713,0.6954602,0.2849824,0.5025731,1.0
13905,6381,0.029482823,0.70710677,0.70710677,67.924,0.3344723,0.65461355,0.28555974,0.50260437,1.0
16506,8101,0.08361496,-0.12403473,-0.99227786,0.0,0.035687167,0.012860587,0.28214318,0.50255275,0.0
10188,4238,0.23889938,0.70710677,0.70710677,83.09384,0.36940014,0.6270105,0.28118196,0.5025951,1.0
5499,1509,0.032956913,0.31622776,-0.9486833,79.93875,0.0015186028,0.9816096,0.28167245,0.5025754,1.0
9032,3889,0.010430277,1.0,6.123234e-17,74.61136,0.24867122,0.3718027,0.29705733,0.5025754,1.0
14731,9310,0.046566565,0.8944272,0.4472136,21.538334,0.31548974,0.92632365,0.2829709,0.50257885,0.0
13873,7273,0.04294373,-0.9701425,0.24253562,40.74604,0.31093395,0.89412296,0.28302798,0.5026096,0.0
8409,6372,0.11669101,0.70710677,0.70710677,33.21886,0.28283978,0.39980605,0.28418714,0.50261366,1.0
124,2233,0.04294373,-0.24253562,-0.9701425,20.570036,0.2911921,0.044006284,0.2888483,0.5025748,0.0
6454,2490,0.17065062,-0.95448,-0.298275,69.70766,0.04252088,0.77366394,0.2815766,0.50263685,1.0
17870,9063,0.13812844,0.7432941,0.66896474,0.0,0.2072893,0.001458762,0.27852297,0.5025916,0.0
3908,3289,0.06573812,0.9486833,-0.31622776,29.772823,0.19362187,0.8627653,0.28030282,0.5025806,0.0
6034,5479,0.05203983,0.6,-0.8,21.675829,0.2312073,0.17066786,0.27591163,0.50257945,0.0
4451,565,0.029482823,-0.70710677,-0.70710677,84.44124,0.0022779044,0.716525,0.28555974,0.5025829,1.0
7471,2332,0.01474932,-0.70710677,-0.70710677,84.53525,0.017843584,0.55530477,0.27971083,0.50257593,1.0
3881,2685,0.046566565,-0.8944272,0.4472136,41.37406,0.2072893,0.8956234,0.27897388,0.50258696,1.0
8993,3643,0.0,-1.0,-1.8369701e-16,77.82664,0.033029612,0.7061794,0.6578094,0.5025905,1.0
12782,6101,0.07343238,-0.70710677,-0.70710677,64.649666,0.41343963,0.794405,0.28184664,0.5025498,1.0
13940,5250,0.14496115,0.70710677,0.70710677,81.64382,0.03606682,0.04756991,0.28031647,0.50257885,0.0
6818,4325,0.13399206,0.8436615,0.5368755,34.6768,0.26765376,0.9122882,0.28233004,0.50256956,1.0
16779,10357,0.2524383,0.50872934,0.8609265,0.0,0.47646165,0.01158662,0.28350332,0.50264615,0.0
11503,7954,0.0,-1.0,-1.8369701e-16,20.774601,0.32308277,0.4578701,0.6493136,0.50258875,0.0
4214,2328,0.08297659,-1.0,-1.8369701e-16,50.110752,0.031131359,0.9565419,0.28237823,0.50262237,1.0
16537,9942,0.11669101,-0.70710677,-0.70710677,0.0,0.78018224,0.04674277,0.28205803,0.50257075,0.0
6809,1801,0.032956913,0.31622776,-0.9486833,87.5776,0.005694761,0.843425,0.28167245,0.5025754,1.0
11213,4381,0.010430277,0.0,1.0,84.49592,0.040622625,0.68234515,0.29705733,0.5026073,0.0
17009,10656,0.029482823,0.70710677,0.70710677,0.0,0.11503417,0.0036929443,0.28106096,0.5025823,0.0
5401,2999,0.1316743,0.62469506,0.7808688,49.076107,0.20539103,0.6796957,0.28220734,0.5026079,1.0
5068,1349,0.117578685,0.6139406,-0.78935224,76.40082,0.0060744113,0.99140614,0.27997875,0.5026183,1.0
13425,27,0.0,-1.0,-1.8369701e-16,0.0,0.0,1.1209646e-05,0.6110364,0.50258005,0.0
17126,8061,0.029482823,-0.70710677,0.70710677,0.0,0.014426728,0.0033176155,0.2762189,0.50262356,0.0
14170,6211,0.18496518,0.9863939,-0.16439898,66.83163,0.044419136,0.26141945,0.28462863,0.50261945,1.0
11364,6012,0.06063982,-0.8574929,0.51449573,50.795124,0.3637054,0.76544386,0.2833879,0.5025058,0.0
9803,6942,0.06573812,0.31622776,-0.9486833,18.836273,0.33750948,0.6466292,0.28200546,0.502558,0.0
7904,8016,0.05203983,0.6,-0.8,16.435757,0.27752468,0.0021640044,0.2790836,0.5026003,0.0
6794,5770,0.023314469,-0.4472136,-0.8944272,21.479652,0.22741078,0.21993135,0.2848339,0.5025574,0.0
14853,7741,0.08361496,-0.49613893,0.86824316,33.12005,0.29384965,0.6936503,0.2819672,0.50256956,0.0
4422,613,0.2939085,-0.2963992,-0.9550641,84.51502,0.08542141,0.7882193,0.28173506,0.5025498,1.0
11344,6127,0.10786097,0.95782626,-0.28734788,48.162792,0.32687926,0.5840452,0.28318515,0.50252783,1.0
14093,6400,0.20018388,0.7556891,-0.65493053,67.813126,0.17236143,0.4378797,0.28078485,0.50268155,1.0
7899,3482,0.19313613,-0.7327935,-0.6804511,69.59095,0.24221715,0.97865367,0.2809305,0.50259745,0.0
13927,6282,0.04294373,0.24253562,0.9701425,67.87873,0.3390281,0.53870624,0.28367096,0.50262004,1.0
5729,2516,0.21449143,0.18711211,0.98233855,64.41479,0.2095672,0.77293575,0.28085563,0.502504,1.0
4009,2505,0.06573812,0.9486833,-0.31622776,43.232277,0.20007592,0.7299389,0.27833948,0.50252837,1.0
12107,5753,0.031268463,1.2246469e-16,-1.0,71.07413,0.04783599,0.83226967,0.28025293,0.5026357,1.0
6028,6296,0.010430277,1.2246469e-16,-1.0,19.969553,0.22513288,0.018451858,0.29705733,0.5025493,0.0
3779,4957,0.0,-1.0,-1.8369701e-16,17.05607,0.21374336,0.030913977,0.6493136,0.5025916,0.0
8496,6309,0.037566602,-0.8320503,0.5547002,34.25375,0.26461655,0.5062834,0.2814208,0.50261307,0.0
9179,8949,0.020854957,0.0,1.0,15.6444025,0.2790433,0.0011891483,0.28266856,0.5026067,0.0
4214,2327,0.04294373,-0.9701425,-0.24253562,50.128914,0.029992407,0.95724964,0.28302798,0.50261194,1.0
13958,10003,0.020854957,1.0,6.123234e-17,20.700207,0.25398633,0.055452216,0.28740448,0.5025585,0.0
11971,5179,0.07558321,0.27472112,0.96152395,80.22473,0.07630979,0.8296787,0.28011903,0.50264555,0.0
13299,8964,0.06654887,0.7808688,0.62469506,21.425938,0.31169325,0.34218556,0.27769268,0.50261074,0.0
11914,5984,0.41161346,0.45587587,-0.8900434,61.45188,0.30789673,0.4568819,0.28209013,0.5025632,1.0
9246,4967,0.13089152,0.70710677,0.70710677,60.33145,0.34548217,0.9274032,0.28428426,0.5024431,0.0
12612,6205,0.13812844,0.7432941,0.66896474,67.10035,0.35155657,0.7324836,0.28015804,0.5026276,1.0
2735,3184,0.07487338,0.5547002,-0.8320503,23.762823,0.21222475,0.6875019,0.28228867,0.50259393,0.0
5979,2752,0.11534551,-0.8944272,0.4472136,62.79776,0.20349279,0.73804945,0.28313118,0.5025649,0.0
10412,5156,0.109783925,0.6585046,-0.7525767,70.91331,0.29878512,0.64275235,0.2832645,0.5025986,0.0
434,1782,0.05203983,-0.6,0.8,27.926603,0.29005316,0.20241977,0.28406054,0.50256264,0.0
6455,2488,0.04294373,-0.9701425,0.24253562,69.70924,0.038724374,0.771033,0.28677478,0.50264734,1.0
3881,2683,0.08102993,-0.6401844,0.76822126,41.358524,0.20577069,0.8901918,0.28335434,0.5025951,1.0
14106,9932,0.023314469,0.8944272,0.4472136,21.339289,0.25398633,0.08651824,0.28605303,0.50259453,0.0
9850,5802,0.037566602,0.5547002,0.8320503,38.15247,0.3781321,0.7218167,0.2808398,0.50257134,1.0
13625,6702,0.044184793,-0.70710677,-0.70710677,54.32337,0.34776005,0.8614398,0.28435543,0.5025568,1.0
7137,4626,0.041665252,-1.0,-1.8369701e-16,40.341675,0.261959,0.91530865,0.282433,0.5025823,0.0
9465,4328,0.07558321,0.27472112,-0.96152395,69.09947,0.24981017,0.9770283,0.2849471,0.5025597,1.0
4202,543,0.010430277,1.2246469e-16,-1.0,81.17837,0.0,0.67114586,0.2901347,0.50259334,1.0
4130,5336,0.041665252,1.0,6.123234e-17,16.827465,0.20918755,0.01802019,0.28044057,0.502551,0.0
13955,9033,0.0,-1.0,-1.8369701e-16,21.727758,0.26537585,0.65908104,0.6493136,0.5026003,0.0
2626,6513,0.020854957,-1.0,-1.8369701e-16,16.004393,0.21488231,9.0067675e-05,0.27290747,0.5025684,0.0
12064,6241,0.10639416,-0.87415725,-0.48564294,63.41151,0.39711466,0.51919323,0.28430346,0.50260615,1.0
13816,6459,0.06238679,1.0,6.123234e-17,64.9228,0.35003796,0.8462477,0.28378293,0.5025406,1.0
6982,4628,0.1112026,0.9284767,0.37139067,37.11549,0.2904328,0.9619051,0.2851668,0.5025568,0.0
18120,7263,0.1139827,0.9958932,-0.090535745,0.0,0.033029612,6.817669e-05,0.28266266,0.5025429,0.0
8012,3529,0.05203983,-0.8,0.6,71.80577,0.2805619,0.88318926,0.28631058,0.5025145,1.0
10461,5418,0.07558321,-0.27472112,0.96152395,67.78509,0.3667426,0.6932358,0.28353703,0.5025063,1.0
9026,6119,0.14390676,-0.9974587,0.07124705,37.572453,0.4198937,0.6736303,0.2816677,0.50264674,1.0
12064,6239,0.111671165,-0.5547002,-0.8320503,63.411472,0.3936978,0.51667154,0.28183386,0.50262815,1.0
12107,5752,0.09817346,0.9486833,-0.31622776,71.1161,0.04859529,0.8331804,0.27891758,0.5026305,1.0
6548,1905,0.07343238,-0.70710677,0.70710677,83.79563,0.013287775,0.6602697,0.28709462,0.5026433,1.0
5113,1105,0.044184793,-0.70710677,0.70710677,79.09663,0.0011389522,0.9788659,0.27902725,0.5025748,0.0
12196,8210,0.01474932,-0.70710677,0.70710677,26.476366,0.31776765,0.6061573,0.29136205,0.50256085,0.0
15041,7865,0.085500166,0.9701425,-0.24253562,34.838314,0.27486712,0.5995029,0.2829605,0.5026102,0.0
6164,1735,0.010430277,1.2246469e-16,-1.0,87.68804,0.006454062,0.82760566,0.2723368,0.5025864,1.0
17653,9759,0.19088198,-0.52999896,0.8479983,0.0,0.21450266,0.0025575291,0.28281933,0.50262064,0.0
9897,8657,0.010430277,0.0,1.0,18.237902,0.33485195,0.0072268476,0.2901347,0.5026085,0.0
14236,5448,0.046566565,-0.8944272,-0.4472136,78.02569,0.076689444,0.03930272,0.28170073,0.5025649,0.0
8904,6989,0.032956913,0.9486833,0.31622776,19.6962,0.30447987,0.15987696,0.28353575,0.50257593,0.0
12492,8113,0.044184793,-0.70710677,-0.70710677,25.481005,0.29992408,0.87831306,0.28446928,0.50258523,0.0
3980,2552,0.09320911,-1.0,-1.8369701e-16,41.787888,0.19855733,0.80312705,0.28248465,0.502591,1.0
9310,2910,0.046566565,0.4472136,0.8944272,84.31037,0.004176158,0.8542762,0.28665558,0.50264966,0.0
9076,6840,0.06654887,0.62469506,0.7808688,23.355839,0.33067578,0.29180464,0.28208834,0.50257134,0.0
9848,5801,0.05203983,1.0,6.123234e-17,38.240696,0.3781321,0.71736765,0.2824064,0.5025992,1.0
9886,5633,0.10786097,0.95782626,0.28734788,49.578217,0.41305998,0.5115485,0.28318515,0.5026038,0.0
10028,7246,0.029482823,0.70710677,0.70710677,18.816248,0.32118452,0.38866067,0.27664617,0.50259566,0.0
12876,6053,0.19088198,-0.52999896,0.8479983,67.15571,0.43318146,0.9235099,0.28139165,0.5025232,1.0
13925,7934,0.037566602,-0.8320503,0.5547002,27.74702,0.30106303,0.81638104,0.2846963,0.5025922,0.0
8340,10590,0.032956913,-0.9486833,0.31622776,13.919447,0.2604404,4.295012e-06,0.27811515,0.5025684,0.0
17748,8791,0.38083506,-0.4568047,0.889567,0.0,0.44115415,0.0017964658,0.2821977,0.50246805,0.0
8796,7508,0.023314469,0.8944272,-0.4472136,16.78052,0.27220955,0.03246224,0.2958297,0.50259566,0.0
10365,5742,0.07558321,-0.27472112,-0.96152395,46.61583,0.3621868,0.76253694,0.27639407,0.5025997,1.0
3575,1337,0.08361496,0.49613893,-0.86824316,60.828793,0.20690964,0.34749192,0.28449532,0.50257653,0.0
9028,3891,0.010430277,1.0,6.123234e-17,74.56532,0.24753226,0.3681302,0.29178572,0.5025899,1.0
12507,4960,0.020854957,1.2246469e-16,-1.0,85.33911,0.037585422,0.9699457,0.29179123,0.50259566,1.0
12397,6822,0.023314469,0.8944272,-0.4472136,42.11276,0.35573274,0.8929404,0.2848339,0.50259453,0.0
9750,4246,0.04294373,-0.24253562,0.9701425,76.721275,0.2813212,0.5914491,0.28302798,0.5026015,1.0
8014,3529,0.13089152,-0.70710677,0.70710677,71.87896,0.28208047,0.88560253,0.2848987,0.5025823,1.0
15279,10396,0.032956913,0.9486833,0.31622776,19.725454,0.32422173,0.06755415,0.2869171,0.5025406,0.0
10702,5030,0.023314469,0.8944272,-0.4472136,76.35249,0.044419136,0.72957224,0.28605303,0.5025841,1.0
9499,7667,0.010430277,1.0,6.123234e-17,15.986889,0.30258164,0.059219785,0.28374562,0.50256723,0.0
5858,2523,0.24516867,0.24253562,0.9701425,66.692665,0.19931664,0.91946965,0.28245914,0.502457,0.0
5281,2258,0.09544931,-0.21693046,-0.97618705,67.11184,0.1894457,0.5866148,0.28105852,0.50255275,1.0
8056,6668,0.14565924,-0.6332378,-0.7739573,24.710873,0.3382688,0.115297265,0.28331435,0.50252724,0.0
12831,5853,0.2016032,-0.8,-0.6,74.96201,0.2372817,0.5876878,0.2829061,0.50249183,1.0
10404,4826,0.13399206,0.5368755,-0.8436615,78.85222,0.14806378,0.55131334,0.28252515,0.5024402,1.0
10660,5101,0.05602868,-0.9284767,-0.37139067,75.13819,0.061123766,0.6976124,0.27868643,0.5025597,1.0
9750,4245,0.05883972,-0.70710677,0.70710677,76.73849,0.28094155,0.5915068,0.28393242,0.50258005,1.0
12107,5754,0.020854957,-1.0,-1.8369701e-16,71.03215,0.04859529,0.83132344,0.28266856,0.5025841,1.0
13106,5318,0.19412747,0.62469506,-0.7808688,85.41097,0.48861048,0.21312031,0.28343484,0.5026427,1.0
4386,2386,0.14669926,-0.41905817,-0.9079594,50.8207,0.19855733,0.66548634,0.28482282,0.50258523,1.0
2705,6962,0.01474932,-0.70710677,-0.70710677,12.360531,0.19893698,3.0066e-05,0.2947435,0.5026038,0.0
11615,9881,0.023314469,-0.4472136,-0.8944272,25.418804,0.29384965,0.0029455211,0.2753998,0.5025806,0.0
14143,7181,0.08102993,-0.6401844,-0.76822126,43.167385,0.31397113,0.87288177,0.28363052,0.5025841,0.0
11770,5563,0.21340123,0.7525767,0.6585046,75.239815,0.0523918,0.58024293,0.2816519,0.5026525,1.0
11751,6603,0.07558321,0.96152395,-0.27472112,47.491165,0.35801062,0.87853396,0.28389084,0.50258696,0.0
13048,6161,0.032956913,0.9486833,0.31622776,71.48901,0.3561124,0.80030644,0.2882997,0.5025249,1.0
10187,4239,0.17492588,0.81373346,0.5812382,83.06293,0.36332574,0.629718,0.28475717,0.5026758,1.0
12833,8375,0.023314469,0.8944272,-0.4472136,24.91064,0.29802582,0.9462341,0.2919268,0.5026009,0.0
9750,4247,0.044184793,-0.70710677,0.70710677,76.70406,0.2813212,0.59138095,0.28435543,0.50263745,1.0
517,5612,0.14496115,-0.14142136,-0.98994946,13.821507,0.21829917,3.1158623e-05,0.2822837,0.5026241,0.0
14252,5295,0.10389993,0.9950372,-0.09950372,78.297676,0.045937736,0.027758736,0.28486073,0.50259566,0.0
4154,2701,0.28298426,0.99763036,-0.06880209,44.76081,0.16894457,0.9486861,0.28321227,0.5023346,1.0
10619,5128,0.17294656,-0.47058824,0.88235295,74.80423,0.09225512,0.6110011,0.28368872,0.5025307,1.0
4807,3157,0.069694914,-0.4472136,0.8944272,40.53388,0.24943052,0.99391556,0.2794842,0.50260204,0.0
1831,5737,0.031268463,-1.0,-1.8369701e-16,17.361132,0.2372817,0.00023078099,0.28782678,0.5025818,0.0
5146,1588,0.07343238,0.70710677,0.70710677,76.04821,0.037585422,0.6416316,0.2852526,0.50258756,1.0
11635,6457,0.079033196,0.3939193,0.91914505,52.70634,0.3621868,0.9047496,0.27815604,0.50254524,1.0
13626,6700,0.08102993,-0.6401844,-0.76822126,54.441933,0.34510252,0.86087656,0.28209084,0.50259393,1.0
14081,10388,0.020854957,1.0,6.123234e-17,18.842295,0.26841307,0.024605455,0.28266856,0.5025893,0.0
5046,1341,0.06063982,-0.51449573,-0.8574929,76.27149,0.078587696,0.92383486,0.28654253,0.5026003,1.0
10366,5743,0.069694914,-0.4472136,-0.8944272,46.583767,0.3614275,0.75978404,0.28134236,0.50261426,1.0
2242,6452,0.010430277,1.2246469e-16,-1.0,16.785667,0.22854973,6.167388e-05,0.2901347,0.50260556,0.0
10613,6139,0.037566602,0.8320503,-0.5547002,40.410645,0.35876992,0.8897652,0.2877013,0.50255215,0.0
7697,2323,0.05203983,-0.6,-0.8,84.87648,0.007213364,0.78794193,0.2813695,0.5025986,0.0
9709,3314,0.04294373,-0.24253562,-0.9701425,83.78062,0.007213364,0.99391556,0.28302798,0.5025829,0.0
8878,6270,0.32369703,0.029399052,0.99956775,41.974434,0.5,0.62720454,0.28110594,0.50259686,1.0
16455,8964,0.11534551,-0.8944272,0.4472136,0.0,0.48557326,0.08835035,0.28426853,0.50254524,0.0
15871,9867,0.3056388,-0.22026087,-0.975441,0.0,0.21146545,0.19520588,0.28143373,0.5025928,0.0
10048,6413,0.037566602,0.8320503,0.5547002,23.219763,0.3735763,0.85818,0.28421968,0.5026003,0.0
8300,2624,0.010430277,-1.0,-1.8369701e-16,82.925026,0.0037965071,0.8862837,0.2723368,0.5026085,0.0
12131,6383,0.08361496,-0.99227786,0.12403473,63.78785,0.46127564,0.80925983,0.27656356,0.5025319,1.0
7469,2333,0.023314469,-0.4472136,-0.8944272,84.538925,0.018223235,0.5515376,0.2793806,0.5025684,1.0
6055,3186,0.041665252,1.0,6.123234e-17,52.41412,0.22513288,0.9415901,0.29018098,0.5026166,1.0
13011,6557,0.07343238,-0.70710677,0.70710677,63.495815,0.35421413,0.96907115,0.28023794,0.5026247,1.0
13057,9522,0.023314469,-0.4472136,-0.8944272,21.28972,0.2634776,0.05742465,0.28105673,0.50258005,0.0
1253,1231,0.08297659,1.0,6.123234e-17,41.419178,0.2896735,0.3650872,0.28448844,0.50259626,0.0
12285,9533,0.01474932,0.70710677,-0.70710677,22.391245,0.30372056,0.019804941,0.27971083,0.50258523,0.0
5617,1876,0.09544931,0.21693046,-0.97618705,77.90139,0.028473804,0.9288516,0.28027388,0.50258464,1.0
7087,3214,0.0,-1.0,-1.8369701e-16,70.57767,0.20994686,1.0,0.6110364,0.50258005,0.0
3799,3289,0.032956913,0.31622776,-0.9486833,28.62213,0.20994686,0.8410497,0.27985176,0.50254464,1.0
4570,1989,0.09544931,0.65079135,-0.7592566,60.40669,0.028094154,0.8197764,0.28456643,0.50253826,1.0
10505,6457,0.06324172,0.9863939,-0.16439898,36.225494,0.39559606,0.9288516,0.28336358,0.5025829,0.0
10585,5135,0.20018388,-0.65493053,-0.7556891,74.7357,0.09187547,0.58939874,0.28146413,0.5025562,1.0
16501,8674,0.29473272,-0.3939193,-0.91914505,0.0,0.29840547,0.047830686,0.2801813,0.5025516,0.0
10944,10260,0.01474932,0.70710677,0.70710677,24.330677,0.28473803,0.00041681115,0.28893122,0.5025905,0.0
6310,2409,0.120629445,-0.34174305,-0.9397934,73.74212,0.03720577,0.9714658,0.28361818,0.5026357,1.0
3478,1492,0.05203983,-0.6,0.8,56.844585,0.20197418,0.47610626,0.28406054,0.5026943,1.0
12968,8648,0.01474932,0.70710677,0.70710677,22.859268,0.2904328,0.55646837,0.29534283,0.5025916,0.0
2017,5621,0.023314469,0.8944272,-0.4472136,18.574356,0.24601367,0.00040813375,0.28605303,0.5025922,0.0
13555,6904,0.117578685,-0.9647638,-0.2631174,43.01147,0.3561124,0.91009855,0.2790909,0.5025725,0.0
12223,8791,0.06238679,-1.0,-1.8369701e-16,22.442902,0.30523917,0.13084166,0.27966505,0.5026177,0.0
13832,7957,0.05203983,0.6,0.8,26.136312,0.31245255,0.94079477,0.28447032,0.50261134,0.0
9062,3848,0.4385154,-0.85573196,-0.51741934,75.89102,0.20690964,0.43094465,0.28465253,0.4833578,1.0
4037,4687,0.010430277,0.0,1.0,19.084167,0.20690964,0.0933115,0.2901347,0.5025928,0.0
8915,6256,0.18496518,-0.9863939,-0.16439898,42.83113,0.5732726,0.61498994,0.28361678,0.5026566,1.0
4302,519,0.010430277,-1.0,-1.8369701e-16,83.35476,0.004176158,0.6323022,0.28374562,0.50254697,1.0
12838,5866,0.08914541,-0.81373346,-0.5812382,74.65308,0.24297646,0.6075148,0.28555682,0.5026102,1.0
1854,5575,0.031268463,1.0,6.123234e-17,17.569485,0.2388003,0.00036867146,0.28249198,0.5025591,0.0
5730,2515,0.10540407,-0.19611613,0.9805807,64.47345,0.2133637,0.77578366,0.28417787,0.50241005,1.0
4009,2504,0.044184793,0.70710677,-0.70710677,43.258118,0.20121488,0.7293031,0.28446928,0.50250924,1.0
10053,4851,0.01474932,0.70710677,0.70710677,74.17567,0.2965072,0.8698471,0.2687577,0.50259334,1.0
690,875,0.08297659,-1.0,-1.8369701e-16,43.74514,0.27790433,0.11489946,0.2812545,0.5025498,0.0
13625,6700,0.05883972,-0.70710677,-0.70710677,54.439156,0.3458618,0.8586774,0.28589275,0.50259566,1.0
16551,8921,0.24169345,-0.9444968,0.32852063,0.0,0.50987095,0.064113624,0.2808817,0.50258815,0.0
15852,8011,0.041665252,0.0,1.0,0.0,0.3405467,0.05624331,0.27556697,0.502634,0.0
11046,5313,0.35611033,-0.104684785,0.99450547,73.29325,0.14654517,0.48976672,0.28068888,0.50251216,1.0
6398,1722,0.085500166,0.9701425,0.24253562,85.86248,0.033409264,0.85064614,0.28340125,0.5026085,0.0
8255,3617,0.069694914,-0.8944272,-0.4472136,74.04091,0.21829917,0.9931998,0.28423148,0.50256205,1.0
14559,8256,0.0,-1.0,-1.8369701e-16,29.961336,0.26309794,1.0,0.6110364,0.50258005,0.0
13843,8860,0.032956913,0.31622776,0.9486833,20.655495,0.28473803,0.8181726,0.28239575,0.50258464,0.0
15070,10615,0.031268463,0.0,1.0,18.759426,0.2911921,0.03235686,0.28249198,0.5025951,0.0
1830,6719,0.01474932,0.70710677,-0.70710677,13.90384,0.23196658,1.6879825e-05,0.28120357,0.50259453,0.0
10078,5743,0.111671165,-0.5547002,0.8320503,39.70894,0.42900532,0.78774196,0.28033653,0.50259393,0.0
9399,6834,0.01474932,0.70710677,0.70710677,22.812614,0.3166287,0.46796814,0.28893122,0.50257134,0.0
9028,3893,0.07558321,-0.27472112,-0.96152395,74.48768,0.24715263,0.36602923,0.27710307,0.5025986,1.0
6494,5676,0.023314469,0.4472136,-0.8944272,19.234114,0.22665147,0.19390443,0.28105673,0.5025661,0.0
10308,6350,0.11352448,1.0,6.123234e-17,30.795267,0.38078967,0.8247252,0.2815597,0.5025632,0.0
9472,3691,0.18285145,-0.33282012,-0.94299036,80.71771,0.06719818,0.74415284,0.28289992,0.5025017,0.0
16458,10457,0.21535838,0.46574643,-0.8849182,0.0,0.7000759,0.017173948,0.28420585,0.5026914,0.0
2586,3061,0.01474932,-0.70710677,-0.70710677,24.773592,0.21526197,0.70044833,0.28893122,0.5025632,0.0
946,2794,0.010430277,0.0,1.0,19.959259,0.24753226,0.057510357,0.2723368,0.5025754,0.0
9381,4495,0.12730257,-0.9701425,-0.24253562,68.150024,0.25284737,0.9334711,0.28169397,0.5025736,1.0
2922,1514,0.1112026,0.9284767,-0.37139067,51.67026,0.24525437,0.8104218,0.28166616,0.50269896,0.0
6807,1800,0.023314469,-0.8944272,-0.4472136,87.591385,0.006454062,0.84234583,0.28605303,0.50257593,1.0
14538,9721,0.04294373,-0.24253562,0.9701425,19.890316,0.27524677,0.25572446,0.2774921,0.5026067,0.0
6404,3462,0.029482823,0.70710677,0.70710677,44.2237,0.21374336,0.8879388,0.28555974,0.50260204,0.0
10741,5670,0.092640094,-0.4472136,0.8944272,61.782497,0.35763097,0.82738185,0.2802247,0.5026259,0.0
5654,1564,0.020854957,1.2246469e-16,-1.0,79.93093,0.0022779044,0.99391556,0.27928707,0.5025736,1.0
14094,6398,0.19012317,0.9048187,-0.42579705,67.813126,0.18147305,0.4356043,0.28243965,0.50248545,1.0
6299,3272,0.037566602,-0.5547002,-0.8320503,52.30095,0.22513288,0.95198673,0.28234655,0.50253534,0.0
8822,4462,0.032956913,-0.31622776,-0.9486833,63.498123,0.23614275,0.8434711,0.27811515,0.50259453,0.0
9595,6198,0.020854957,1.0,6.123234e-17,32.578953,0.41571754,0.955162,0.284944,0.5025748,1.0
11770,5564,0.14496115,0.70710677,0.70710677,75.205376,0.050113894,0.57995033,0.28382698,0.5026572,1.0
4203,542,0.0,-1.0,-1.8369701e-16,81.20669,0.0,0.6701143,0.6110364,0.5025841,1.0
8429,5973,0.037566602,0.8320503,0.5547002,31.9798,0.24487472,0.96645844,0.28234655,0.5025742,0.0
9025,6118,0.18070734,-0.6178216,-0.78631836,37.5557,0.41951406,0.67329717,0.2826284,0.5026085,1.0
17612,9059,0.26451656,-0.25997347,-0.96561575,0.0,0.46127564,0.003178775,0.2826231,0.50259686,0.0
9022,6233,0.30132785,-0.99177784,-0.12797134,40.693882,0.61123765,0.5241499,0.28164876,0.5025603,0.0
849,484,0.14669926,-0.20952909,-0.9778024,55.7633,0.05277145,0.04276341,0.28422186,0.5025324,0.0
4202,542,0.010430277,1.2246469e-16,-1.0,81.18532,0.0,0.66928214,0.2901347,0.50258756,1.0
16967,8307,0.10786097,-0.28734788,0.95782626,0.0,0.017084282,0.007835763,0.2821602,0.50264615,0.0
11626,6976,0.14390676,0.9974587,-0.07124705,31.245481,0.37661353,0.93792826,0.28164425,0.50257653,0.0
4450,2142,0.24516867,0.9701425,0.24253562,56.75816,0.11579347,0.87616146,0.28239825,0.5024211,0.0
5713,2506,0.09763509,0.52999896,0.8479983,64.295845,0.2072893,0.7403729,0.28327194,0.5026166,1.0
7470,2334,0.020854957,1.2246469e-16,-1.0,84.54261,0.017843584,0.5524372,0.28266856,0.50258756,1.0
11515,7899,0.023314469,0.4472136,-0.8944272,21.549091,0.3329537,0.5356036,0.28790396,0.50254524,0.0
11706,7115,0.07343238,-0.70710677,0.70710677,32.35216,0.3428246,0.9788659,0.2800839,0.5025678,0.0
9640,5273,0.18285145,0.99846035,-0.05547002,59.642952,0.2896735,0.97569805,0.28464624,0.50256723,0.0
12071,5658,0.07487338,0.8320503,-0.5547002,74.787994,0.050493546,0.8180777,0.28228867,0.50259453,0.0
12684,6064,0.33809307,0.92058176,0.39054984,62.35687,0.37775245,0.70920026,0.282352,0.5026601,1.0
8963,4843,0.09377447,-0.11043153,0.9938837,61.847168,0.29195142,0.869586,0.28216073,0.50257826,1.0
11200,8956,0.020854957,-1.0,-1.8369701e-16,26.213478,0.33788913,0.01954353,0.29407746,0.50257593,0.0
9380,4493,0.15111154,-0.8804711,-0.4740998,68.16304,0.24829157,0.9378602,0.28219283,0.5026096,1.0
12697,6029,0.09377447,-0.9938837,-0.11043153,64.27866,0.38306758,0.752813,0.28414184,0.50257653,1.0
9039,3884,0.041665252,1.2246469e-16,-1.0,74.7472,0.2501898,0.37987712,0.2778036,0.5025777,1.0
8204,3679,0.044184793,-0.70710677,-0.70710677,73.73899,0.23082764,0.8204696,0.28699476,0.50259453,1.0
8977,9180,0.023314469,-0.4472136,-0.8944272,16.62374,0.2733485,0.00047616873,0.28105673,0.5025818,0.0
8458,6364,0.16594434,-0.9828722,-0.18428853,33.78787,0.2957479,0.4238359,0.28141403,0.5025922,0.0
5289,1172,0.037566602,0.8320503,-0.5547002,80.847786,0.005694761,0.9931998,0.2778252,0.50259334,1.0
5759,63,0.0,-1.0,-1.8369701e-16,0.0,0.0,0.046101276,0.6110364,0.50258005,0.0
4063,2201,0.23121682,-0.9916004,0.12933919,51.319088,0.14274867,0.5658742,0.28035116,0.5025841,1.0
11051,4534,0.041665252,-1.0,-1.8369701e-16,79.75664,0.04214123,0.6483144,0.28447282,0.5025678,0.0
9971,10232,0.0,-1.0,-1.8369701e-16,24.195448,0.29005316,0.000112207475,0.6110364,0.5025812,0.0
13011,6559,0.09544931,-0.97618705,0.21693046,63.358852,0.35687166,0.9637999,0.28074318,0.5026172,1.0
7470,2332,0.023314469,-0.8944272,0.4472136,84.53524,0.017843584,0.5537416,0.28257686,0.5025719,1.0
11346,239,0.0,-1.0,-1.8369701e-16,0.0,0.0,0.00023071104,0.6110364,0.50258005,0.0
13656,10224,0.046566565,0.4472136,0.8944272,19.783642,0.24943052,0.020791957,0.2808398,0.50259453,0.0
10055,4849,0.117578685,0.6139406,0.78935224,74.18633,0.29992408,0.8768115,0.2822077,0.5025655,1.0
10189,4238,0.19412747,0.7808688,0.62469506,83.11364,0.372817,0.6255835,0.28350773,0.50251734,1.0
8964,4842,0.13399206,0.0766965,0.99705446,61.86434,0.29347,0.87040037,0.27886403,0.5025754,1.0
15461,7456,0.010430277,1.2246469e-16,-1.0,42.290043,0.2725892,0.11001097,0.2901347,0.5025806,0.0
12031,7693,0.06238679,1.0,6.123234e-17,24.261982,0.33029613,0.92427063,0.28239217,0.5025731,0.0
6125,3256,0.069694914,0.4472136,-0.8944272,50.77217,0.21791951,0.8360173,0.28480738,0.5025771,1.0
13369,6736,0.053065702,-0.9805807,0.19611613,51.873436,0.34548217,0.92838454,0.28068626,0.50254697,1.0
7470,3965,0.05602868,-0.37139067,0.9284767,56.30388,0.2395596,0.8497923,0.28188476,0.50257075,1.0
2991,5340,0.0,-1.0,-1.8369701e-16,15.998553,0.23386484,0.0036542113,0.6578094,0.5025748,0.0
5280,2259,0.07343238,-0.14142136,-0.98994946,67.05858,0.19096431,0.5890876,0.2845521,0.5025597,1.0
8653,7913,0.01474932,0.70710677,0.70710677,14.790482,0.2741078,0.008753816,0.2880317,0.5025754,0.0
12652,5494,0.046566565,0.4472136,-0.8944272,81.07396,0.06681853,0.35541865,0.28515932,0.5025812,1.0
12832,5852,0.25991738,-0.79543173,-0.6060432,75.00685,0.23196658,0.58554745,0.28056479,0.50252664,1.0
901,593,0.35063604,0.69364166,-0.7203202,52.530178,0.071374334,0.06106499,0.28094125,0.5026752,0.0
4930,1268,0.023314469,0.8944272,-0.4472136,74.956276,0.006454062,0.6975403,0.28605303,0.5025678,1.0
7570,3778,0.04294373,-0.9701425,0.24253562,62.084694,0.21829917,0.97865367,0.28453192,0.5025585,1.0
5615,3589,0.0,-1.0,-1.8369701e-16,36.020943,0.2164009,0.91946965,0.64174473,0.5025678,0.0
12506,4959,0.010430277,-1.0,-1.8369701e-16,85.34159,0.038344722,0.9668566,0.29178572,0.50256205,1.0
1773,1867,0.06324172,-0.16439898,0.9863939,37.282043,0.26309794,0.8551889,0.28376397,0.50260264,0.0
12722,6230,0.085500166,0.24253562,0.9701425,69.42735,0.4536826,0.91765714,0.28494585,0.50252837,1.0
13318,8117,0.029482823,0.70710677,0.70710677,26.375782,0.30637813,0.89412296,0.28555974,0.5025632,0.0
12988,8844,0.037566602,-0.5547002,-0.8320503,22.073395,0.2866363,0.3435576,0.2814208,0.5025777,0.0
12243,10250,0.010430277,0.0,1.0,20.115675,0.2665148,0.0026815096,0.2901347,0.5025777,0.0
3980,2554,0.1336089,-0.9230769,0.3846154,41.736107,0.20235384,0.8023107,0.27849656,0.50255275,1.0
2839,2976,0.044184793,0.70710677,0.70710677,25.35163,0.18754746,0.8449098,0.28699476,0.5025812,0.0
1690,1439,0.023314469,0.8944272,0.4472136,43.35687,0.27296886,0.92938113,0.2848339,0.5025777,0.0
6816,4325,0.10639416,0.87415725,0.48564294,34.641457,0.2649962,0.91359484,0.28281125,0.5026183,1.0
3552,1422,0.05203983,-0.8,0.6,58.933327,0.22627182,0.36306396,0.27695248,0.5026746,1.0
5151,2911,0.053065702,0.19611613,-0.9805807,48.439095,0.22019742,0.77878565,0.2853341,0.5025812,1.0
9460,6128,0.24534963,0.6866235,0.7270132,35.80577,0.7239939,0.6969641,0.279712,0.5022702,1.0
11997,5994,0.26451656,-0.96561575,-0.25997347,62.882393,0.20501138,0.47785518,0.2797593,0.502558,1.0
5696,3220,0.092640094,-0.4472136,0.8944272,48.476974,0.23917995,0.8647145,0.28332114,0.50261307,0.0
12669,7601,0.020854957,1.2246469e-16,-1.0,26.93368,0.32611996,0.90382886,0.28740448,0.50255275,0.0
11091,10175,0.01474932,-0.70710677,0.70710677,25.126228,0.28283978,0.00063991715,0.2687577,0.5025829,0.0
1579,1351,0.12019881,-0.8574929,-0.51449573,43.835403,0.2657555,0.61805224,0.2838662,0.50256205,0.0
4537,6884,0.029482823,-0.70710677,0.70710677,12.333151,0.238041,0.00048042292,0.28555974,0.5025823,0.0
10005,4677,0.12730257,-0.9701425,-0.24253562,75.266975,0.3561124,0.8593881,0.28763786,0.50253475,1.0
15595,9894,0.01474932,-0.70710677,-0.70710677,21.895624,0.33940774,0.25291044,0.27971083,0.50255215,0.0
1633,5651,0.01474932,0.70710677,0.70710677,16.168064,0.23310554,0.00021422301,0.27971083,0.50257134,0.0
5499,1511,0.020854957,1.2246469e-16,-1.0,79.93875,0.0011389522,0.9818575,0.28266856,0.50258696,1.0
1819,5555,0.023314469,0.4472136,-0.8944272,17.338028,0.23348519,0.00036894865,0.28105673,0.5025777,0.0
4936,7072,0.023314469,0.8944272,0.4472136,11.45397,0.23842065,0.0004996681,0.2901902,0.50258875,0.0
5446,4466,0.01474932,0.70710677,0.70710677,25.205997,0.2342445,0.9890579,0.30036885,0.50259393,0.0
12626,5530,0.27628,0.98994946,-0.14142136,80.307816,0.12338649,0.3194143,0.28286052,0.50258464,1.0
12827,6492,0.15111154,-0.8804711,0.4740998,64.71913,0.39255884,0.90140885,0.2816932,0.50259745,1.0
7061,5059,0.0,-1.0,-1.8369701e-16,31.4137,0.25132877,0.97823554,0.64174473,0.5025841,1.0
3564,6201,0.032956913,-0.31622776,0.9486833,17.445286,0.20766895,0.00079239294,0.2743652,0.5025818,0.0
5832,6531,0.044184793,-0.70710677,-0.70710677,17.911545,0.2118451,0.0075037885,0.27855062,0.50258815,0.0
12615,5450,0.2529585,-0.62469506,-0.7808688,81.617874,0.10592255,0.40747613,0.28186408,0.50260496,1.0
3880,2684,0.06063982,-0.8574929,0.51449573,41.358047,0.20615034,0.89264715,0.27911374,0.5025835,1.0
11508,10045,0.032956913,0.9486833,0.31622776,24.348024,0.29536825,0.0016206403,0.28167245,0.5025858,0.0
9766,7734,0.05883972,-0.70710677,0.70710677,17.424082,0.317388,0.072377644,0.27950937,0.5026073,0.0
723,5980,0.010430277,0.0,1.0,14.2319765,0.2080486,1.8951918e-05,0.26476792,0.5025551,0.0
2307,5313,0.0,-1.0,-1.8369701e-16,17.355038,0.24715263,0.0014304927,0.6110364,0.5025754,0.0
1755,7065,0.010430277,1.2246469e-16,-1.0,12.799259,0.22779043,5.939999e-06,0.29178572,0.5025661,0.0
13415,10533,0.020854957,1.0,6.123234e-17,17.355715,0.25930145,0.006502593,0.28646412,0.50257015,0.0
2168,1271,0.07487338,-0.8320503,-0.5547002,50.510742,0.2501898,0.64810556,0.28538832,0.5025475,0.0
12696,6028,0.111671165,-0.5547002,0.8320503,64.301384,0.38003036,0.7505813,0.27824253,0.5026659,1.0
10359,3824,0.17492588,0.5812382,-0.81373346,85.816734,0.059984814,0.74138504,0.28228828,0.5026531,0.0
11197,6050,0.08102993,-0.76822126,0.6401844,45.163136,0.35801062,0.5065953,0.28363052,0.50266474,1.0
6394,2879,0.06654887,0.7808688,0.62469506,62.073917,0.19817768,0.90657943,0.2730407,0.5025771,1.0
8628,4674,0.16861087,0.42288548,0.9061831,54.307144,0.2927107,0.81112367,0.28263855,0.5025649,1.0
3276,3995,0.023314469,0.4472136,-0.8944272,18.945496,0.25170842,0.20619483,0.28105673,0.50259393,0.0
3810,3596,0.010430277,1.0,6.123234e-17,24.325552,0.21374336,0.7954209,0.28374562,0.5025835,0.0
7676,3449,0.010430277,1.2246469e-16,-1.0,66.59211,0.22285497,0.8050501,0.28374562,0.50261945,0.0
4216,2326,0.041665252,-1.0,-1.8369701e-16,50.178555,0.029233105,0.96355736,0.282433,0.50258815,1.0
12998,7591,0.05203983,0.0,1.0,27.73729,0.33940774,0.9722585,0.2824064,0.5025899,0.0
10045,4448,0.1112026,0.37139067,0.9284767,78.94873,0.32156417,0.859098,0.2841754,0.50261253,1.0
16941,8040,0.032956913,-0.31622776,0.9486833,0.0,0.012148823,0.0047362973,0.2837547,0.50258815,0.0
5618,1876,0.1112026,0.37139067,-0.9284767,77.90969,0.02657555,0.93051386,0.28166616,0.50259686,1.0
3451,5319,0.037566602,0.8320503,-0.5547002,16.86497,0.22930904,0.0070787123,0.2846963,0.50256723,0.0
11271,6299,0.17065062,0.95448,-0.298275,49.22875,0.35573274,0.84209466,0.28288412,0.502522,1.0
4569,1989,0.069694914,0.8944272,-0.4472136,60.405727,0.028853456,0.8196037,0.28441074,0.5025603,1.0
12239,4328,0.117578685,0.6139406,0.78935224,90.5169,0.04707669,0.5151761,0.28112006,0.50261426,0.0
5144,1587,0.18601096,0.49026123,0.87157553,76.01621,0.033788916,0.6459399,0.27999088,0.50263864,1.0
10028,8668,0.023314469,-0.8944272,-0.4472136,19.392237,0.32611996,0.008445988,0.28790396,0.50262296,0.0
5044,1340,0.19088198,0.52999896,-0.8479983,76.26463,0.082004555,0.91765714,0.28170353,0.5026427,1.0
4309,3455,0.04294373,0.9701425,0.24253562,29.465237,0.21753986,0.7211787,0.28441158,0.5026096,0.0
3645,6163,0.010430277,1.2246469e-16,-1.0,16.73581,0.19969627,0.0009816968,0.2901347,0.50258815,0.0
7555,2655,0.18833777,0.59136367,0.806405,82.63364,0.3135915,0.48838183,0.28174978,0.5026676,0.0
9027,3893,0.06063982,-0.51449573,-0.8574929,74.49536,0.24905087,0.36564136,0.27911374,0.5025481,1.0
13050,6161,0.109783925,0.6585046,-0.7525767,71.50136,0.35497344,0.7966068,0.28094253,0.50251794,1.0
11221,4399,0.092640094,0.4472136,0.8944272,84.23409,0.03796507,0.6443226,0.28424892,0.5026259,0.0
2602,3929,0.06654887,0.62469506,-0.7808688,17.85286,0.22968869,0.08821961,0.28012654,0.50256956,0.0
8915,6257,0.27521425,-0.9943091,-0.106533125,42.83106,0.5778284,0.6132832,0.28007206,0.50262004,1.0
2349,4751,0.010430277,1.2246469e-16,-1.0,15.755556,0.22665147,0.006906401,0.28374562,0.5025835,0.0
14970,8839,0.041665252,0.0,1.0,24.738638,0.30258164,0.901086,0.28652114,0.50259745,0.0
2798,170,0.020854957,1.0,6.123234e-17,0.0,0.004555809,0.08227528,0.29763475,0.50257826,0.0
1221,2790,0.023314469,0.4472136,0.8944272,21.205563,0.2574032,0.095049396,0.2848339,0.5025603,0.0
10474,4780,0.20738384,0.9216354,-0.388057,78.90312,0.13211845,0.49226078,0.28028563,0.5025307,1.0
8879,6271,0.2623961,0.2248595,0.9743912,42.0015,0.50493544,0.6245431,0.2824169,0.5026003,1.0
1453,5643,0.032956913,-0.31622776,-0.9486833,15.104407,0.22779043,0.00016272113,0.27811515,0.50259453,0.0
12827,6493,0.1316743,-0.7808688,0.62469506,64.65319,0.3952164,0.9039121,0.2801028,0.50254,1.0
4062,2201,0.18679056,-0.97618705,0.21693046,51.309917,0.14236902,0.56439424,0.2831864,0.5025568,1.0
6335,2335,0.069694914,-0.4472136,-0.8944272,75.93342,0.022399392,0.8474812,0.2873529,0.50257593,1.0
13615,8559,0.010430277,1.2246469e-16,-1.0,21.996105,0.27600607,0.94919187,0.29327846,0.50258464,0.0
11345,6126,0.053065702,0.19611613,-0.9805807,48.160572,0.32801822,0.586538,0.28068626,0.5024646,1.0
6164,1733,0.029482823,0.70710677,0.70710677,87.69389,0.006833713,0.8306547,0.2823048,0.50262296,1.0
5439,3281,0.010430277,1.2246469e-16,-1.0,43.76208,0.2156416,0.8465549,0.29327846,0.50258523,0.0
1478,5295,0.041665252,1.2246469e-16,-1.0,14.263103,0.22437358,0.00040537736,0.2778036,0.5025632,0.0
13463,6656,0.07343238,0.98994946,0.14142136,56.485683,0.3344723,0.8475527,0.2835712,0.5025997,0.0
7625,7393,0.010430277,-1.0,-1.8369701e-16,17.488613,0.2896735,0.008898155,0.3068184,0.50257653,0.0
10053,4849,0.06324172,-0.16439898,0.9863939,74.20395,0.2965072,0.8747214,0.28330562,0.50260615,1.0
13906,6380,0.07270078,1.0,6.123234e-17,67.92192,0.33561122,0.65225416,0.28238368,0.50261945,1.0
8623,7221,0.029482823,0.70710677,-0.70710677,19.508379,0.29384965,0.056250595,0.28138077,0.5025928,0.0
6394,2880,0.05203983,0.0,1.0,62.025948,0.19741838,0.9067949,0.27669823,0.502616,1.0
12394,7208,0.031268463,1.2246469e-16,-1.0,37.431576,0.30941534,0.98786813,0.2851493,0.50258815,0.0
4384,2386,0.2753669,-0.8872168,-0.46135274,50.820778,0.20387244,0.6695461,0.28088638,0.5025516,1.0
9380,4495,0.12443163,-0.9103665,-0.41380295,68.12969,0.25322703,0.9362496,0.2827348,0.5025574,1.0
7471,3965,0.037566602,-0.5547002,0.8320503,56.303898,0.24031891,0.8520253,0.28421968,0.5025649,1.0
4931,1266,0.01474932,-0.70710677,-0.70710677,74.99114,0.006833713,0.69974434,0.2880317,0.5025568,1.0
5616,1878,0.15210888,-0.3363364,-0.9417419,77.88948,0.03151101,0.9245444,0.2822699,0.5025725,1.0
4171,2383,0.046566565,-0.4472136,0.8944272,48.53257,0.050873198,0.8324809,0.2739163,0.5027361,1.0
13492,6189,0.13399206,0.5368755,-0.8436615,70.782455,0.34244496,0.8974194,0.28233004,0.5025858,0.0
6355,100,0.0,-1.0,-1.8369701e-16,0.0,0.0,0.027576046,0.6110364,0.50258005,0.0
11343,6126,0.032956913,0.31622776,-0.9486833,48.11938,0.32877752,0.58444,0.29365546,0.5024988,1.0
1454,2887,0.031268463,1.2246469e-16,-1.0,21.452415,0.26841307,0.11010407,0.27620062,0.50256085,0.0
3801,2735,0.041665252,-1.0,-1.8369701e-16,40.591152,0.19134396,0.7738606,0.28652114,0.502569,0.0
5113,2021,0.11534551,0.17888544,0.9838699,70.45393,0.16135156,0.34458464,0.28159967,0.5025168,1.0
4300,520,0.01474932,-0.70710677,0.70710677,83.31307,0.0037965071,0.63531125,0.2880317,0.5025591,1.0
6808,1799,0.0,-1.0,-1.8369701e-16,87.58649,0.0060744113,0.8459648,0.66072243,0.5025684,1.0
14492,9121,0.01474932,-0.70710677,0.70710677,22.41766,0.28246012,0.8913391,0.29534283,0.5025905,0.0
10904,7645,0.023314469,0.4472136,-0.8944272,19.788918,0.35079727,0.46033025,0.2793806,0.5025771,0.0
8014,3528,0.13959843,-0.8087361,0.5881717,71.87858,0.28018224,0.8880432,0.28299528,0.50260496,1.0
11272,6300,0.19511248,0.9320047,-0.36244625,49.248287,0.35079727,0.8388968,0.28276843,0.50260556,1.0
7469,2332,0.031268463,-1.0,-1.8369701e-16,84.53523,0.017463934,0.5521816,0.28559014,0.5025823,1.0
7073,2167,0.16861087,-0.9061831,-0.42288548,84.671936,0.055808656,0.69747716,0.28333122,0.50247735,0.0
5501,1510,0.010430277,0.0,1.0,79.93865,0.0011389522,0.98786813,0.28374562,0.5025719,1.0
7532,2935,0.15857297,0.9662349,0.25766265,77.7434,0.25436598,0.59944296,0.28537506,0.50252026,0.0
14053,5224,0.14565924,0.7739573,-0.6332378,81.38403,0.035687167,0.035340786,0.28203225,0.502591,0.0
1008,5263,0.0,-1.0,-1.8369701e-16,12.466974,0.21791951,0.00018117476,0.64174473,0.5025841,0.0
3553,1422,0.17294656,-0.47058824,0.88235295,58.934246,0.22779043,0.36264902,0.28177348,0.5026514,1.0
5289,1171,0.037566602,0.8320503,-0.5547002,80.85901,0.0060744113,0.99391556,0.2814208,0.50257593,1.0
8879,6269,0.30858433,0.09334071,0.9956342,42.001305,0.50683373,0.62765574,0.28154308,0.50251734,1.0
12268,6261,0.06324172,0.9863939,-0.16439898,65.986404,0.47570235,0.59861565,0.2826546,0.50254345,0.0
10525,5660,0.13959843,-0.955779,-0.29408586,57.132065,0.35307518,0.89649767,0.27838546,0.50258464,0.0
12611,6206,0.032956913,-0.31622776,-0.9486833,67.13885,0.35003796,0.7301982,0.2937758,0.5026885,1.0
17497,9824,0.05883972,0.70710677,-0.70710677,0.0,0.2156416,0.0038612133,0.27942497,0.50259453,0.0
16771,9107,0.14390676,-0.9974587,0.07124705,0.0,0.9191344,0.040879443,0.28342605,0.5026328,0.0
12650,5494,0.06573812,-0.31622776,-0.9486833,81.06147,0.06871678,0.3555787,0.28535762,0.50259686,1.0
11084,6542,0.16713572,0.60971075,0.792624,40.296894,0.35307518,0.90144926,0.28118828,0.502551,0.0
9679,5249,0.31470597,-0.94242775,0.33440983,61.20808,0.3181473,0.85006,0.2805926,0.5026415,1.0
12625,5531,0.23889938,0.95667386,-0.29116163,80.28202,0.11996963,0.31843975,0.28426826,0.50259686,1.0
4193,2342,0.27088675,-0.7592566,0.65079135,49.549877,0.04783599,0.8987027,0.28354353,0.5026015,1.0
12784,6100,0.07487338,-0.5547002,-0.8320503,64.64902,0.41040242,0.79727703,0.28189206,0.50257593,1.0
9025,3607,0.010430277,-1.0,-1.8369701e-16,77.2625,0.03682612,0.77404344,0.30343693,0.5025916,1.0
1118,4808,0.020854957,0.0,1.0,13.982112,0.22361428,0.0006638477,0.27928707,0.50256145,0.0
5067,1349,0.16474274,0.37139067,-0.9284767,76.3894,0.008352316,0.9890579,0.2849172,0.5026392,1.0
3844,1111,0.037566602,-0.8320503,-0.5547002,67.8356,0.014426728,0.6626541,0.28405777,0.50261486,0.0
6010,6504,0.029482823,0.70710677,0.70710677,18.38991,0.2095672,0.010406895,0.27059355,0.5026015,0.0
15317,8919,0.07487338,0.5547002,-0.8320503,27.79861,0.33864844,0.8676622,0.28390855,0.50259626,0.0
9344,8665,0.053065702,0.9805807,0.19611613,15.9419365,0.30637813,0.0032374593,0.28068626,0.50256145,0.0
8544,6375,0.032956913,-0.9486833,0.31622776,34.848328,0.2725892,0.41000092,0.28167245,0.5025922,0.0
10702,5028,0.031268463,1.2246469e-16,-1.0,76.3928,0.045178436,0.726539,0.2793289,0.5025597,1.0
13795,6433,0.041665252,1.0,6.123234e-17,66.406715,0.34472287,0.8976513,0.29018098,0.5025736,1.0
10952,7439,0.032956913,0.31622776,0.9486833,21.98239,0.35952923,0.82518435,0.28501153,0.50257885,0.0
10406,4824,0.12443163,-0.41380295,-0.9103665,78.87625,0.14274867,0.54910094,0.28593564,0.50256956,1.0
11179,7143,0.041665252,1.0,6.123234e-17,28.380568,0.3466211,0.97274566,0.282433,0.5025899,0.0
6135,3664,0.020854957,-1.0,-1.8369701e-16,41.321445,0.21678056,0.82614756,0.28646412,0.50258005,0.0
13798,7009,0.06324172,0.16439898,-0.9863939,37.61116,0.32953683,0.94647384,0.28216502,0.50254637,0.0
5500,1511,0.01474932,0.70710677,-0.70710677,79.9387,0.0007593014,0.9848582,0.27971083,0.5025951,1.0
2776,4080,0.031268463,1.0,6.123234e-17,15.364611,0.22892939,0.07696718,0.2851493,0.5025754,0.0
3200,2483,0.06573812,-0.31622776,-0.9486833,34.861202,0.16438876,0.8222574,0.28129646,0.5025678,0.0
12819,6243,0.14565924,0.7739573,0.6332378,70.60108,0.3705391,0.70972955,0.2838057,0.5024994,1.0
2688,2733,0.037566602,-0.5547002,-0.8320503,32.060184,0.2118451,0.9616753,0.28234655,0.5025632,0.0
13439,8048,0.053065702,0.19611613,-0.9805807,25.221354,0.3090357,0.8914835,0.28278643,0.5026305,0.0
4063,2200,0.2016032,-1.0,-1.8369701e-16,51.342896,0.13857251,0.5649831,0.28296474,0.502627,1.0
9063,3849,0.4249463,-0.9354721,-0.35340056,75.84398,0.20842825,0.43006474,0.47398055,0.32877764,1.0
12864,6135,0.085500166,0.9701425,0.24253562,67.617195,0.43697798,0.8874877,0.28330776,0.5025493,1.0
5713,2504,0.15375452,0.06651901,0.99778515,64.35799,0.2103265,0.74078625,0.28069168,0.50254464,1.0
11633,6458,0.04294373,-0.24253562,0.9701425,52.614635,0.35914958,0.90727097,0.2813769,0.50259393,1.0
9580,8099,0.09320911,1.2246469e-16,-1.0,18.738705,0.40508732,0.020797579,0.2843556,0.50268966,0.0
7469,2334,0.023314469,0.4472136,-0.8944272,84.54261,0.017843584,0.550887,0.28351718,0.5025829,1.0
8147,5189,0.053065702,0.19611613,-0.9805807,40.10949,0.22854973,0.94015265,0.28163144,0.5025922,0.0
4771,1208,0.037566602,-0.5547002,0.8320503,73.16086,0.009491268,0.7680785,0.2806416,0.50259334,1.0
6336,2336,0.1139827,0.090535745,-0.9958932,75.879654,0.02164009,0.85027945,0.28384164,0.50250286,1.0
6274,4931,0.041665252,0.0,1.0,25.815784,0.23690204,0.9680824,0.2778036,0.50255567,0.0
7384,6883,0.0,-1.0,-1.8369701e-16,19.239172,0.26879272,0.024883509,0.6110364,0.50258005,0.0
15659,9249,0.08361496,0.86824316,-0.49613893,0.0,0.41040242,0.8866948,0.28276214,0.5026003,0.0
12722,6232,0.13812844,0.7432941,0.66896474,69.519966,0.45140472,0.9122882,0.28026912,0.50254,1.0
14199,10312,0.041665252,1.2246469e-16,-1.0,19.318846,0.28283978,0.034848467,0.28855062,0.50261307,0.0
8409,6373,0.111671165,0.5547002,0.8320503,33.2189,0.2813212,0.39864618,0.28090563,0.502627,1.0
8619,4347,0.053065702,0.9805807,-0.19611613,57.136246,0.25322703,0.9057232,0.28068626,0.5025812,0.0
6056,3188,0.046566565,0.8944272,-0.4472136,52.42702,0.22361428,0.9352004,0.2842558,0.5025777,1.0
800,5172,0.023314469,0.8944272,-0.4472136,12.548475,0.22513288,0.00015190401,0.28105673,0.5025585,0.0
3227,3405,0.041665252,0.0,1.0,22.676712,0.19172361,0.7577239,0.2847271,0.5026241,1.0
12820,6244,0.21274357,0.9438584,0.33035043,70.621376,0.36940014,0.706937,0.284798,0.50251216,1.0
532,701,0.09763509,0.8479983,0.52999896,44.836906,0.29081246,0.057744276,0.2820112,0.50257885,0.0
4172,2384,0.04294373,0.24253562,0.9701425,48.52864,0.0523918,0.8340549,0.28808796,0.5027198,1.0
532,1582,0.01474932,0.70710677,0.70710677,32.19931,0.2965072,0.3077239,0.27167073,0.5025725,0.0
12065,6239,0.08854881,-0.9363292,-0.35112345,63.41705,0.39255884,0.51761717,0.28410298,0.5026276,1.0
4420,613,0.280629,-0.34731436,-0.9377488,84.51501,0.09567198,0.7850451,0.28397068,0.50252956,1.0
12625,5530,0.24516867,0.9701425,-0.24253562,80.29885,0.12414578,0.31941298,0.2838889,0.50261253,1.0
4354,6256,0.032956913,-0.31622776,-0.9486833,17.668278,0.21488231,0.0020414342,0.28167245,0.5025951,0.0
6455,2900,0.09763509,0.52999896,0.8479983,60.88018,0.20197418,0.9751505,0.28624177,0.5024924,1.0
17020,9932,0.16594434,-0.9828722,0.18428853,0.0,0.6507213,0.013465114,0.28310087,0.5025319,0.0
5150,2913,0.037566602,0.5547002,-0.8320503,48.36634,0.22095671,0.7749041,0.28647837,0.50258756,1.0
14137,7021,0.031268463,1.2246469e-16,-1.0,38.508972,0.32194382,0.89498264,0.28249198,0.5026015,0.0
11831,3441,0.07487338,-0.8320503,0.5547002,92.74201,0.033788916,0.52807444,0.28513196,0.5025417,0.0
10367,5743,0.06063982,-0.51449573,-0.8574929,46.61112,0.36028853,0.75928265,0.28506657,0.50263107,1.0
9999,4521,0.21878092,-0.96152395,0.27472112,78.28579,0.39825362,0.73446673,0.28537467,0.50269085,0.0
12482,6689,0.08914541,0.81373346,-0.5812382,49.666145,0.37433562,0.71620506,0.28335878,0.5025574,0.0
9039,3882,0.010430277,0.0,1.0,74.82366,0.2501898,0.38207543,0.2901347,0.5025597,1.0
10273,4433,0.17770743,0.8574929,0.51449573,83.03101,0.37091875,0.86372185,0.28302965,0.50253654,0.0
17876,7889,0.04294373,0.9701425,0.24253562,0.0,0.020501139,0.00039478057,0.28677478,0.5025481,0.0
6309,2409,0.15210888,-0.3363364,-0.9417419,73.72917,0.039483674,0.9686434,0.28367224,0.50265425,1.0
4718,1912,0.053065702,0.19611613,0.9805807,62.987194,0.013667426,0.96645844,0.27989024,0.50261366,0.0
8448,5299,0.06324172,0.9863939,-0.16439898,41.389717,0.2558846,0.8634751,0.28475234,0.5026102,0.0
8256,9557,0.032956913,0.9486833,-0.31622776,15.36083,0.24639332,6.090195e-05,0.28167245,0.5025504,0.0
9061,3847,0.48813236,-0.7483469,-0.6633075,75.93818,0.20539103,0.43181896,0.28417543,0.50254524,1.0
2622,4616,0.032956913,0.9486833,-0.31622776,15.632093,0.230448,0.014626706,0.28353575,0.5025661,0.0
3192,1882,0.1139827,0.9958932,0.090535745,48.416107,0.19400153,0.6758019,0.2791735,0.50260264,1.0
12869,10252,0.037566602,-0.8320503,-0.5547002,18.818079,0.27562642,0.0063058166,0.29102266,0.5026079,0.0
10044,4449,0.13812844,0.7432941,0.66896474,78.95652,0.3181473,0.85763264,0.28026912,0.5026351,1.0
12108,5754,0.04294373,-0.9701425,-0.24253562,71.03465,0.048215643,0.82897717,0.27141267,0.5026073,1.0
15464,9404,0.020854957,1.0,6.123234e-17,23.213121,0.33143508,0.91082156,0.27928707,0.5026073,0.0
321,3718,0.020854957,0.0,1.0,14.277603,0.24525437,0.001955293,0.28266856,0.5025754,0.0
415,5812,0.010430277,0.0,1.0,13.926736,0.2133637,1.5937434e-05,0.2723368,0.5026003,0.0
3184,7049,0.023314469,-0.8944272,-0.4472136,13.142267,0.19362187,4.663656e-05,0.28257686,0.50258756,0.0
4922,1803,0.19511248,-0.9320047,0.36244625,70.178734,0.06909643,0.6817477,0.28147957,0.5026427,0.0
17770,7921,0.06238679,1.2246469e-16,-1.0,0.0,0.015565679,0.0005448377,0.28239217,0.5026003,0.0
7690,5531,0.032956913,0.9486833,0.31622776,28.24146,0.22399393,0.9454433,0.28239575,0.50258815,0.0
